TicketType,TrainType,StationNo,StationName,TransactionDate,Enter,Exit
一般,捷運,R24,南岡山站,20210622 05:30:00,1,0
一般,捷運,R24,南岡山站,20210622 05:45:00,7,0
一般,捷運,R24,南岡山站,20210622 06:00:00,14,0
一般,捷運,R24,南岡山站,20210622 06:15:00,22,11
一般,捷運,R24,南岡山站,20210622 06:30:00,30,22
一般,捷運,R24,南岡山站,20210622 06:45:00,45,29
一般,捷運,R24,南岡山站,20210622 07:00:00,53,28
一般,捷運,R24,南岡山站,20210622 07:15:00,66,59
一般,捷運,R24,南岡山站,20210622 07:30:00,78,65
一般,捷運,R24,南岡山站,20210622 07:45:00,54,50
一般,捷運,R24,南岡山站,20210622 08:00:00,50,42
一般,捷運,R24,南岡山站,20210622 08:15:00,25,16
一般,捷運,R24,南岡山站,20210622 08:30:00,20,23
一般,捷運,R24,南岡山站,20210622 08:45:00,10,9
一般,捷運,R24,南岡山站,20210622 09:00:00,15,8
一般,捷運,R24,南岡山站,20210622 09:15:00,17,5
一般,捷運,R24,南岡山站,20210622 09:30:00,12,9
一般,捷運,R24,南岡山站,20210622 09:45:00,17,10
一般,捷運,R24,南岡山站,20210622 10:00:00,14,9
一般,捷運,R24,南岡山站,20210622 10:15:00,13,4
一般,捷運,R24,南岡山站,20210622 10:30:00,17,5
一般,捷運,R24,南岡山站,20210622 10:45:00,11,2
一般,捷運,R24,南岡山站,20210622 11:00:00,11,7
一般,捷運,R24,南岡山站,20210622 11:15:00,4,5
一般,捷運,R24,南岡山站,20210622 11:30:00,9,13
一般,捷運,R24,南岡山站,20210622 11:45:00,6,4
一般,捷運,R24,南岡山站,20210622 12:00:00,5,7
一般,捷運,R24,南岡山站,20210622 12:15:00,4,6
一般,捷運,R24,南岡山站,20210622 12:30:00,7,7
一般,捷運,R24,南岡山站,20210622 12:45:00,4,3
一般,捷運,R24,南岡山站,20210622 13:00:00,11,10
一般,捷運,R24,南岡山站,20210622 13:15:00,13,11
一般,捷運,R24,南岡山站,20210622 13:30:00,7,6
一般,捷運,R24,南岡山站,20210622 13:45:00,1,3
一般,捷運,R24,南岡山站,20210622 14:00:00,7,6
一般,捷運,R24,南岡山站,20210622 14:15:00,10,3
一般,捷運,R24,南岡山站,20210622 14:30:00,3,3
一般,捷運,R24,南岡山站,20210622 14:45:00,7,6
一般,捷運,R24,南岡山站,20210622 15:00:00,4,14
一般,捷運,R24,南岡山站,20210622 15:15:00,5,9
一般,捷運,R24,南岡山站,20210622 15:30:00,12,8
一般,捷運,R24,南岡山站,20210622 15:45:00,10,11
一般,捷運,R24,南岡山站,20210622 16:00:00,5,9
一般,捷運,R24,南岡山站,20210622 16:15:00,13,8
一般,捷運,R24,南岡山站,20210622 16:30:00,8,12
一般,捷運,R24,南岡山站,20210622 16:45:00,25,16
一般,捷運,R24,南岡山站,20210622 17:00:00,22,20
一般,捷運,R24,南岡山站,20210622 17:15:00,28,17
一般,捷運,R24,南岡山站,20210622 17:30:00,55,22
一般,捷運,R24,南岡山站,20210622 17:45:00,60,44
一般,捷運,R24,南岡山站,20210622 18:00:00,49,49
一般,捷運,R24,南岡山站,20210622 18:15:00,34,57
一般,捷運,R24,南岡山站,20210622 18:30:00,21,65
一般,捷運,R24,南岡山站,20210622 18:45:00,21,51
一般,捷運,R24,南岡山站,20210622 19:00:00,15,40
一般,捷運,R24,南岡山站,20210622 19:15:00,9,13
一般,捷運,R24,南岡山站,20210622 19:30:00,8,39
一般,捷運,R24,南岡山站,20210622 19:45:00,17,17
一般,捷運,R24,南岡山站,20210622 20:00:00,8,19
一般,捷運,R24,南岡山站,20210622 20:15:00,4,21
一般,捷運,R24,南岡山站,20210622 20:30:00,7,11
一般,捷運,R24,南岡山站,20210622 20:45:00,5,23
一般,捷運,R24,南岡山站,20210622 21:00:00,6,8
一般,捷運,R24,南岡山站,20210622 21:15:00,6,14
一般,捷運,R24,南岡山站,20210622 21:30:00,7,9
一般,捷運,R24,南岡山站,20210622 21:45:00,7,12
一般,捷運,R24,南岡山站,20210622 22:00:00,2,9
一般,捷運,R24,南岡山站,20210622 22:15:00,0,3
一般,捷運,R24,南岡山站,20210622 22:30:00,2,2
一般,捷運,R24,南岡山站,20210622 22:45:00,3,8
一般,捷運,R24,南岡山站,20210622 23:00:00,1,4
一般,捷運,R24,南岡山站,20210622 23:15:00,1,3
一般,捷運,R24,南岡山站,20210622 23:30:00,0,2
一般,捷運,R24,南岡山站,20210622 23:45:00,0,4
一般,捷運,R16,左營站,20210622 05:30:00,2,0
一般,捷運,R16,左營站,20210622 05:45:00,2,0
一般,捷運,R16,左營站,20210622 06:00:00,11,19
一般,捷運,R16,左營站,20210622 06:15:00,11,23
一般,捷運,R16,左營站,20210622 06:30:00,20,40
一般,捷運,R16,左營站,20210622 06:45:00,46,65
一般,捷運,R16,左營站,20210622 07:00:00,46,39
一般,捷運,R16,左營站,20210622 07:15:00,74,57
一般,捷運,R16,左營站,20210622 07:30:00,79,36
一般,捷運,R16,左營站,20210622 07:45:00,81,56
一般,捷運,R16,左營站,20210622 08:00:00,50,47
一般,捷運,R16,左營站,20210622 08:15:00,97,29
一般,捷運,R16,左營站,20210622 08:30:00,18,14
一般,捷運,R16,左營站,20210622 08:45:00,33,26
一般,捷運,R16,左營站,20210622 09:00:00,23,15
一般,捷運,R16,左營站,20210622 09:15:00,23,22
一般,捷運,R16,左營站,20210622 09:30:00,48,23
一般,捷運,R16,左營站,20210622 09:45:00,27,16
一般,捷運,R16,左營站,20210622 10:00:00,16,39
一般,捷運,R16,左營站,20210622 10:15:00,23,23
一般,捷運,R16,左營站,20210622 10:30:00,42,32
一般,捷運,R16,左營站,20210622 10:45:00,31,36
一般,捷運,R16,左營站,20210622 11:00:00,7,75
一般,捷運,R16,左營站,20210622 11:15:00,12,54
一般,捷運,R16,左營站,20210622 11:30:00,50,41
一般,捷運,R16,左營站,20210622 11:45:00,15,24
一般,捷運,R16,左營站,20210622 12:00:00,13,29
一般,捷運,R16,左營站,20210622 12:15:00,16,10
一般,捷運,R16,左營站,20210622 12:30:00,36,28
一般,捷運,R16,左營站,20210622 12:45:00,20,26
一般,捷運,R16,左營站,20210622 13:00:00,20,18
一般,捷運,R16,左營站,20210622 13:15:00,12,20
一般,捷運,R16,左營站,20210622 13:30:00,42,37
一般,捷運,R16,左營站,20210622 13:45:00,16,16
一般,捷運,R16,左營站,20210622 14:00:00,10,37
一般,捷運,R16,左營站,20210622 14:15:00,12,19
一般,捷運,R16,左營站,20210622 14:30:00,59,38
一般,捷運,R16,左營站,20210622 14:45:00,11,19
一般,捷運,R16,左營站,20210622 15:00:00,21,20
一般,捷運,R16,左營站,20210622 15:15:00,25,14
一般,捷運,R16,左營站,20210622 15:30:00,44,39
一般,捷運,R16,左營站,20210622 15:45:00,20,30
一般,捷運,R16,左營站,20210622 16:00:00,12,25
一般,捷運,R16,左營站,20210622 16:15:00,24,20
一般,捷運,R16,左營站,20210622 16:30:00,58,32
一般,捷運,R16,左營站,20210622 16:45:00,20,39
一般,捷運,R16,左營站,20210622 17:00:00,21,48
一般,捷運,R16,左營站,20210622 17:15:00,30,58
一般,捷運,R16,左營站,20210622 17:30:00,87,83
一般,捷運,R16,左營站,20210622 17:45:00,62,86
一般,捷運,R16,左營站,20210622 18:00:00,39,75
一般,捷運,R16,左營站,20210622 18:15:00,39,81
一般,捷運,R16,左營站,20210622 18:30:00,84,62
一般,捷運,R16,左營站,20210622 18:45:00,34,39
一般,捷運,R16,左營站,20210622 19:00:00,16,34
一般,捷運,R16,左營站,20210622 19:15:00,21,43
一般,捷運,R16,左營站,20210622 19:30:00,55,40
一般,捷運,R16,左營站,20210622 19:45:00,27,34
一般,捷運,R16,左營站,20210622 20:00:00,96,26
一般,捷運,R16,左營站,20210622 20:15:00,36,27
一般,捷運,R16,左營站,20210622 20:30:00,52,12
一般,捷運,R16,左營站,20210622 20:45:00,23,19
一般,捷運,R16,左營站,20210622 21:00:00,10,11
一般,捷運,R16,左營站,20210622 21:15:00,12,14
一般,捷運,R16,左營站,20210622 21:30:00,28,6
一般,捷運,R16,左營站,20210622 21:45:00,13,17
一般,捷運,R16,左營站,20210622 22:00:00,8,8
一般,捷運,R16,左營站,20210622 22:15:00,6,7
一般,捷運,R16,左營站,20210622 22:30:00,36,5
一般,捷運,R16,左營站,20210622 22:45:00,4,6
一般,捷運,R16,左營站,20210622 23:00:00,8,0
一般,捷運,R16,左營站,20210622 23:15:00,4,2
一般,捷運,R16,左營站,20210622 23:30:00,3,2
一般,捷運,R15,生態園區站,20210622 05:30:00,1,0
一般,捷運,R15,生態園區站,20210622 05:45:00,14,0
一般,捷運,R15,生態園區站,20210622 06:00:00,13,2
一般,捷運,R15,生態園區站,20210622 06:15:00,22,6
一般,捷運,R15,生態園區站,20210622 06:30:00,28,4
一般,捷運,R15,生態園區站,20210622 06:45:00,46,3
一般,捷運,R15,生態園區站,20210622 07:00:00,38,3
一般,捷運,R15,生態園區站,20210622 07:15:00,40,11
一般,捷運,R15,生態園區站,20210622 07:30:00,59,20
一般,捷運,R15,生態園區站,20210622 07:45:00,35,14
一般,捷運,R15,生態園區站,20210622 08:00:00,45,10
一般,捷運,R15,生態園區站,20210622 08:15:00,40,15
一般,捷運,R15,生態園區站,20210622 08:30:00,25,14
一般,捷運,R15,生態園區站,20210622 08:45:00,10,6
一般,捷運,R15,生態園區站,20210622 09:00:00,9,10
一般,捷運,R15,生態園區站,20210622 09:15:00,7,9
一般,捷運,R15,生態園區站,20210622 09:30:00,11,7
一般,捷運,R15,生態園區站,20210622 09:45:00,4,9
一般,捷運,R15,生態園區站,20210622 10:00:00,6,5
一般,捷運,R15,生態園區站,20210622 10:15:00,5,5
一般,捷運,R15,生態園區站,20210622 10:30:00,11,2
一般,捷運,R15,生態園區站,20210622 10:45:00,10,5
一般,捷運,R15,生態園區站,20210622 11:00:00,7,7
一般,捷運,R15,生態園區站,20210622 11:15:00,8,4
一般,捷運,R15,生態園區站,20210622 11:30:00,3,3
一般,捷運,R15,生態園區站,20210622 11:45:00,11,6
一般,捷運,R15,生態園區站,20210622 12:00:00,4,8
一般,捷運,R15,生態園區站,20210622 12:15:00,7,7
一般,捷運,R15,生態園區站,20210622 12:30:00,8,8
一般,捷運,R15,生態園區站,20210622 12:45:00,9,9
一般,捷運,R15,生態園區站,20210622 13:00:00,4,3
一般,捷運,R15,生態園區站,20210622 13:15:00,9,10
一般,捷運,R15,生態園區站,20210622 13:30:00,13,6
一般,捷運,R15,生態園區站,20210622 13:45:00,6,15
一般,捷運,R15,生態園區站,20210622 14:00:00,5,0
一般,捷運,R15,生態園區站,20210622 14:15:00,3,5
一般,捷運,R15,生態園區站,20210622 14:30:00,5,5
一般,捷運,R15,生態園區站,20210622 14:45:00,7,13
一般,捷運,R15,生態園區站,20210622 15:00:00,9,6
一般,捷運,R15,生態園區站,20210622 15:15:00,6,7
一般,捷運,R15,生態園區站,20210622 15:30:00,11,4
一般,捷運,R15,生態園區站,20210622 15:45:00,5,7
一般,捷運,R15,生態園區站,20210622 16:00:00,8,8
一般,捷運,R15,生態園區站,20210622 16:15:00,13,15
一般,捷運,R15,生態園區站,20210622 16:30:00,12,16
一般,捷運,R15,生態園區站,20210622 16:45:00,11,9
一般,捷運,R15,生態園區站,20210622 17:00:00,4,21
一般,捷運,R15,生態園區站,20210622 17:15:00,17,41
一般,捷運,R15,生態園區站,20210622 17:30:00,18,35
一般,捷運,R15,生態園區站,20210622 17:45:00,19,29
一般,捷運,R15,生態園區站,20210622 18:00:00,12,76
一般,捷運,R15,生態園區站,20210622 18:15:00,20,62
一般,捷運,R15,生態園區站,20210622 18:30:00,11,44
一般,捷運,R15,生態園區站,20210622 18:45:00,12,30
一般,捷運,R15,生態園區站,20210622 19:00:00,7,24
一般,捷運,R15,生態園區站,20210622 19:15:00,13,24
一般,捷運,R15,生態園區站,20210622 19:30:00,4,11
一般,捷運,R15,生態園區站,20210622 19:45:00,4,13
一般,捷運,R15,生態園區站,20210622 20:00:00,6,7
一般,捷運,R15,生態園區站,20210622 20:15:00,6,30
一般,捷運,R15,生態園區站,20210622 20:30:00,2,5
一般,捷運,R15,生態園區站,20210622 20:45:00,2,13
一般,捷運,R15,生態園區站,20210622 21:00:00,3,4
一般,捷運,R15,生態園區站,20210622 21:15:00,2,11
一般,捷運,R15,生態園區站,20210622 21:30:00,5,5
一般,捷運,R15,生態園區站,20210622 21:45:00,3,4
一般,捷運,R15,生態園區站,20210622 22:00:00,3,4
一般,捷運,R15,生態園區站,20210622 22:15:00,2,8
一般,捷運,R15,生態園區站,20210622 22:30:00,0,1
一般,捷運,R15,生態園區站,20210622 22:45:00,1,3
一般,捷運,R15,生態園區站,20210622 23:00:00,1,1
一般,捷運,R15,生態園區站,20210622 23:30:00,0,2
一般,捷運,R14,巨蛋站,20210622 05:30:00,1,0
一般,捷運,R14,巨蛋站,20210622 05:45:00,16,0
一般,捷運,R14,巨蛋站,20210622 06:00:00,20,2
一般,捷運,R14,巨蛋站,20210622 06:15:00,32,11
一般,捷運,R14,巨蛋站,20210622 06:30:00,43,7
一般,捷運,R14,巨蛋站,20210622 06:45:00,46,7
一般,捷運,R14,巨蛋站,20210622 07:00:00,59,15
一般,捷運,R14,巨蛋站,20210622 07:15:00,73,13
一般,捷運,R14,巨蛋站,20210622 07:30:00,78,35
一般,捷運,R14,巨蛋站,20210622 07:45:00,70,51
一般,捷運,R14,巨蛋站,20210622 08:00:00,57,52
一般,捷運,R14,巨蛋站,20210622 08:15:00,41,56
一般,捷運,R14,巨蛋站,20210622 08:30:00,31,43
一般,捷運,R14,巨蛋站,20210622 08:45:00,16,36
一般,捷運,R14,巨蛋站,20210622 09:00:00,16,15
一般,捷運,R14,巨蛋站,20210622 09:15:00,14,29
一般,捷運,R14,巨蛋站,20210622 09:30:00,11,20
一般,捷運,R14,巨蛋站,20210622 09:45:00,11,12
一般,捷運,R14,巨蛋站,20210622 10:00:00,11,17
一般,捷運,R14,巨蛋站,20210622 10:15:00,19,25
一般,捷運,R14,巨蛋站,20210622 10:30:00,15,32
一般,捷運,R14,巨蛋站,20210622 10:45:00,26,38
一般,捷運,R14,巨蛋站,20210622 11:00:00,18,46
一般,捷運,R14,巨蛋站,20210622 11:15:00,19,23
一般,捷運,R14,巨蛋站,20210622 11:30:00,6,17
一般,捷運,R14,巨蛋站,20210622 11:45:00,15,13
一般,捷運,R14,巨蛋站,20210622 12:00:00,12,8
一般,捷運,R14,巨蛋站,20210622 12:15:00,13,15
一般,捷運,R14,巨蛋站,20210622 12:30:00,15,20
一般,捷運,R14,巨蛋站,20210622 12:45:00,15,11
一般,捷運,R14,巨蛋站,20210622 13:00:00,7,12
一般,捷運,R14,巨蛋站,20210622 13:15:00,17,14
一般,捷運,R14,巨蛋站,20210622 13:30:00,15,13
一般,捷運,R14,巨蛋站,20210622 13:45:00,15,15
一般,捷運,R14,巨蛋站,20210622 14:00:00,12,13
一般,捷運,R14,巨蛋站,20210622 14:15:00,14,15
一般,捷運,R14,巨蛋站,20210622 14:30:00,17,14
一般,捷運,R14,巨蛋站,20210622 14:45:00,17,25
一般,捷運,R14,巨蛋站,20210622 15:00:00,8,11
一般,捷運,R14,巨蛋站,20210622 15:15:00,12,23
一般,捷運,R14,巨蛋站,20210622 15:30:00,15,21
一般,捷運,R14,巨蛋站,20210622 15:45:00,15,29
一般,捷運,R14,巨蛋站,20210622 16:00:00,17,14
一般,捷運,R14,巨蛋站,20210622 16:15:00,11,13
一般,捷運,R14,巨蛋站,20210622 16:30:00,17,33
一般,捷運,R14,巨蛋站,20210622 16:45:00,22,33
一般,捷運,R14,巨蛋站,20210622 17:00:00,27,25
一般,捷運,R14,巨蛋站,20210622 17:15:00,19,61
一般,捷運,R14,巨蛋站,20210622 17:30:00,42,75
一般,捷運,R14,巨蛋站,20210622 17:45:00,54,84
一般,捷運,R14,巨蛋站,20210622 18:00:00,68,91
一般,捷運,R14,巨蛋站,20210622 18:15:00,53,76
一般,捷運,R14,巨蛋站,20210622 18:30:00,47,51
一般,捷運,R14,巨蛋站,20210622 18:45:00,33,59
一般,捷運,R14,巨蛋站,20210622 19:00:00,29,47
一般,捷運,R14,巨蛋站,20210622 19:15:00,21,28
一般,捷運,R14,巨蛋站,20210622 19:30:00,28,32
一般,捷運,R14,巨蛋站,20210622 19:45:00,26,26
一般,捷運,R14,巨蛋站,20210622 20:00:00,50,22
一般,捷運,R14,巨蛋站,20210622 20:15:00,41,38
一般,捷運,R14,巨蛋站,20210622 20:30:00,17,16
一般,捷運,R14,巨蛋站,20210622 20:45:00,17,22
一般,捷運,R14,巨蛋站,20210622 21:00:00,13,10
一般,捷運,R14,巨蛋站,20210622 21:15:00,7,9
一般,捷運,R14,巨蛋站,20210622 21:30:00,17,5
一般,捷運,R14,巨蛋站,20210622 21:45:00,7,6
一般,捷運,R14,巨蛋站,20210622 22:00:00,9,1
一般,捷運,R14,巨蛋站,20210622 22:15:00,11,7
一般,捷運,R14,巨蛋站,20210622 22:30:00,1,7
一般,捷運,R14,巨蛋站,20210622 22:45:00,2,3
一般,捷運,R14,巨蛋站,20210622 23:00:00,4,2
一般,捷運,R14,巨蛋站,20210622 23:15:00,1,5
一般,捷運,R14,巨蛋站,20210622 23:30:00,0,2
一般,捷運,R13,凹子底站,20210622 05:30:00,1,0
一般,捷運,R13,凹子底站,20210622 05:45:00,6,0
一般,捷運,R13,凹子底站,20210622 06:00:00,3,3
一般,捷運,R13,凹子底站,20210622 06:15:00,18,3
一般,捷運,R13,凹子底站,20210622 06:30:00,28,2
一般,捷運,R13,凹子底站,20210622 06:45:00,32,5
一般,捷運,R13,凹子底站,20210622 07:00:00,28,8
一般,捷運,R13,凹子底站,20210622 07:15:00,51,13
一般,捷運,R13,凹子底站,20210622 07:30:00,56,43
一般,捷運,R13,凹子底站,20210622 07:45:00,55,39
一般,捷運,R13,凹子底站,20210622 08:00:00,25,43
一般,捷運,R13,凹子底站,20210622 08:15:00,23,50
一般,捷運,R13,凹子底站,20210622 08:30:00,20,52
一般,捷運,R13,凹子底站,20210622 08:45:00,5,22
一般,捷運,R13,凹子底站,20210622 09:00:00,12,16
一般,捷運,R13,凹子底站,20210622 09:15:00,21,13
一般,捷運,R13,凹子底站,20210622 09:30:00,5,9
一般,捷運,R13,凹子底站,20210622 09:45:00,8,23
一般,捷運,R13,凹子底站,20210622 10:00:00,8,12
一般,捷運,R13,凹子底站,20210622 10:15:00,9,19
一般,捷運,R13,凹子底站,20210622 10:30:00,7,32
一般,捷運,R13,凹子底站,20210622 10:45:00,15,11
一般,捷運,R13,凹子底站,20210622 11:00:00,10,8
一般,捷運,R13,凹子底站,20210622 11:15:00,12,12
一般,捷運,R13,凹子底站,20210622 11:30:00,13,6
一般,捷運,R13,凹子底站,20210622 11:45:00,13,8
一般,捷運,R13,凹子底站,20210622 12:00:00,6,6
一般,捷運,R13,凹子底站,20210622 12:15:00,7,9
一般,捷運,R13,凹子底站,20210622 12:30:00,10,9
一般,捷運,R13,凹子底站,20210622 12:45:00,11,13
一般,捷運,R13,凹子底站,20210622 13:00:00,7,6
一般,捷運,R13,凹子底站,20210622 13:15:00,7,15
一般,捷運,R13,凹子底站,20210622 13:30:00,9,6
一般,捷運,R13,凹子底站,20210622 13:45:00,8,12
一般,捷運,R13,凹子底站,20210622 14:00:00,8,6
一般,捷運,R13,凹子底站,20210622 14:15:00,10,14
一般,捷運,R13,凹子底站,20210622 14:30:00,7,11
一般,捷運,R13,凹子底站,20210622 14:45:00,15,20
一般,捷運,R13,凹子底站,20210622 15:00:00,15,8
一般,捷運,R13,凹子底站,20210622 15:15:00,11,10
一般,捷運,R13,凹子底站,20210622 15:30:00,13,8
一般,捷運,R13,凹子底站,20210622 15:45:00,10,9
一般,捷運,R13,凹子底站,20210622 16:00:00,17,8
一般,捷運,R13,凹子底站,20210622 16:15:00,9,15
一般,捷運,R13,凹子底站,20210622 16:30:00,14,15
一般,捷運,R13,凹子底站,20210622 16:45:00,15,14
一般,捷運,R13,凹子底站,20210622 17:00:00,29,26
一般,捷運,R13,凹子底站,20210622 17:15:00,22,38
一般,捷運,R13,凹子底站,20210622 17:30:00,36,42
一般,捷運,R13,凹子底站,20210622 17:45:00,42,37
一般,捷運,R13,凹子底站,20210622 18:00:00,41,51
一般,捷運,R13,凹子底站,20210622 18:15:00,47,42
一般,捷運,R13,凹子底站,20210622 18:30:00,26,43
一般,捷運,R13,凹子底站,20210622 18:45:00,18,33
一般,捷運,R13,凹子底站,20210622 19:00:00,23,23
一般,捷運,R13,凹子底站,20210622 19:15:00,12,21
一般,捷運,R13,凹子底站,20210622 19:30:00,19,16
一般,捷運,R13,凹子底站,20210622 19:45:00,21,11
一般,捷運,R13,凹子底站,20210622 20:00:00,25,15
一般,捷運,R13,凹子底站,20210622 20:15:00,10,7
一般,捷運,R13,凹子底站,20210622 20:30:00,5,12
一般,捷運,R13,凹子底站,20210622 20:45:00,6,2
一般,捷運,R13,凹子底站,20210622 21:00:00,10,12
一般,捷運,R13,凹子底站,20210622 21:15:00,11,2
一般,捷運,R13,凹子底站,20210622 21:30:00,3,7
一般,捷運,R13,凹子底站,20210622 21:45:00,6,6
一般,捷運,R13,凹子底站,20210622 22:00:00,6,5
一般,捷運,R13,凹子底站,20210622 22:15:00,6,3
一般,捷運,R13,凹子底站,20210622 22:30:00,7,8
一般,捷運,R13,凹子底站,20210622 22:45:00,1,3
一般,捷運,R13,凹子底站,20210622 23:00:00,1,3
一般,捷運,R13,凹子底站,20210622 23:15:00,1,0
一般,捷運,R12,後驛站,20210622 05:30:00,1,0
一般,捷運,R12,後驛站,20210622 05:45:00,9,1
一般,捷運,R12,後驛站,20210622 06:00:00,11,3
一般,捷運,R12,後驛站,20210622 06:15:00,23,9
一般,捷運,R12,後驛站,20210622 06:30:00,36,8
一般,捷運,R12,後驛站,20210622 06:45:00,46,13
一般,捷運,R12,後驛站,20210622 07:00:00,47,28
一般,捷運,R12,後驛站,20210622 07:15:00,47,34
一般,捷運,R12,後驛站,20210622 07:30:00,51,73
一般,捷運,R12,後驛站,20210622 07:45:00,45,39
一般,捷運,R12,後驛站,20210622 08:00:00,33,45
一般,捷運,R12,後驛站,20210622 08:15:00,21,52
一般,捷運,R12,後驛站,20210622 08:30:00,17,45
一般,捷運,R12,後驛站,20210622 08:45:00,11,16
一般,捷運,R12,後驛站,20210622 09:00:00,16,35
一般,捷運,R12,後驛站,20210622 09:15:00,10,20
一般,捷運,R12,後驛站,20210622 09:30:00,12,23
一般,捷運,R12,後驛站,20210622 09:45:00,28,18
一般,捷運,R12,後驛站,20210622 10:00:00,11,16
一般,捷運,R12,後驛站,20210622 10:15:00,6,8
一般,捷運,R12,後驛站,20210622 10:30:00,9,15
一般,捷運,R12,後驛站,20210622 10:45:00,25,11
一般,捷運,R12,後驛站,20210622 11:00:00,17,10
一般,捷運,R12,後驛站,20210622 11:15:00,14,5
一般,捷運,R12,後驛站,20210622 11:30:00,11,17
一般,捷運,R12,後驛站,20210622 11:45:00,13,8
一般,捷運,R12,後驛站,20210622 12:00:00,13,24
一般,捷運,R12,後驛站,20210622 12:15:00,8,6
一般,捷運,R12,後驛站,20210622 12:30:00,14,14
一般,捷運,R12,後驛站,20210622 12:45:00,7,11
一般,捷運,R12,後驛站,20210622 13:00:00,17,18
一般,捷運,R12,後驛站,20210622 13:15:00,14,5
一般,捷運,R12,後驛站,20210622 13:30:00,12,17
一般,捷運,R12,後驛站,20210622 13:45:00,9,7
一般,捷運,R12,後驛站,20210622 14:00:00,14,15
一般,捷運,R12,後驛站,20210622 14:15:00,12,5
一般,捷運,R12,後驛站,20210622 14:30:00,22,12
一般,捷運,R12,後驛站,20210622 14:45:00,13,15
一般,捷運,R12,後驛站,20210622 15:00:00,13,13
一般,捷運,R12,後驛站,20210622 15:15:00,14,7
一般,捷運,R12,後驛站,20210622 15:30:00,19,19
一般,捷運,R12,後驛站,20210622 15:45:00,14,12
一般,捷運,R12,後驛站,20210622 16:00:00,12,21
一般,捷運,R12,後驛站,20210622 16:15:00,22,15
一般,捷運,R12,後驛站,20210622 16:30:00,23,18
一般,捷運,R12,後驛站,20210622 16:45:00,12,11
一般,捷運,R12,後驛站,20210622 17:00:00,19,33
一般,捷運,R12,後驛站,20210622 17:15:00,33,38
一般,捷運,R12,後驛站,20210622 17:30:00,36,34
一般,捷運,R12,後驛站,20210622 17:45:00,74,52
一般,捷運,R12,後驛站,20210622 18:00:00,54,64
一般,捷運,R12,後驛站,20210622 18:15:00,54,46
一般,捷運,R12,後驛站,20210622 18:30:00,39,39
一般,捷運,R12,後驛站,20210622 18:45:00,31,26
一般,捷運,R12,後驛站,20210622 19:00:00,24,25
一般,捷運,R12,後驛站,20210622 19:15:00,16,28
一般,捷運,R12,後驛站,20210622 19:30:00,9,19
一般,捷運,R12,後驛站,20210622 19:45:00,10,18
一般,捷運,R12,後驛站,20210622 20:00:00,13,36
一般,捷運,R12,後驛站,20210622 20:15:00,7,10
一般,捷運,R12,後驛站,20210622 20:30:00,11,21
一般,捷運,R12,後驛站,20210622 20:45:00,4,4
一般,捷運,R12,後驛站,20210622 21:00:00,5,13
一般,捷運,R12,後驛站,20210622 21:15:00,3,6
一般,捷運,R12,後驛站,20210622 21:30:00,5,6
一般,捷運,R12,後驛站,20210622 21:45:00,5,6
一般,捷運,R12,後驛站,20210622 22:00:00,8,6
一般,捷運,R12,後驛站,20210622 22:15:00,5,3
一般,捷運,R12,後驛站,20210622 22:30:00,0,8
一般,捷運,R12,後驛站,20210622 22:45:00,0,4
一般,捷運,R12,後驛站,20210622 23:00:00,5,3
一般,捷運,R12,後驛站,20210622 23:15:00,2,4
一般,捷運,R11,高雄車站,20210622 05:30:00,3,0
一般,捷運,R11,高雄車站,20210622 05:45:00,4,0
一般,捷運,R11,高雄車站,20210622 06:00:00,1,24
一般,捷運,R11,高雄車站,20210622 06:15:00,28,17
一般,捷運,R11,高雄車站,20210622 06:30:00,15,20
一般,捷運,R11,高雄車站,20210622 06:45:00,18,39
一般,捷運,R11,高雄車站,20210622 07:00:00,69,32
一般,捷運,R11,高雄車站,20210622 07:15:00,45,32
一般,捷運,R11,高雄車站,20210622 07:30:00,83,27
一般,捷運,R11,高雄車站,20210622 07:45:00,91,33
一般,捷運,R11,高雄車站,20210622 08:00:00,40,20
一般,捷運,R11,高雄車站,20210622 08:15:00,59,21
一般,捷運,R11,高雄車站,20210622 08:30:00,21,19
一般,捷運,R11,高雄車站,20210622 08:45:00,31,16
一般,捷運,R11,高雄車站,20210622 09:00:00,17,18
一般,捷運,R11,高雄車站,20210622 09:15:00,23,8
一般,捷運,R11,高雄車站,20210622 09:30:00,24,16
一般,捷運,R11,高雄車站,20210622 09:45:00,17,7
一般,捷運,R11,高雄車站,20210622 10:00:00,12,11
一般,捷運,R11,高雄車站,20210622 10:15:00,30,13
一般,捷運,R11,高雄車站,20210622 10:30:00,10,18
一般,捷運,R11,高雄車站,20210622 10:45:00,43,11
一般,捷運,R11,高雄車站,20210622 11:00:00,5,15
一般,捷運,R11,高雄車站,20210622 11:15:00,8,6
一般,捷運,R11,高雄車站,20210622 11:30:00,20,12
一般,捷運,R11,高雄車站,20210622 11:45:00,22,9
一般,捷運,R11,高雄車站,20210622 12:00:00,21,17
一般,捷運,R11,高雄車站,20210622 12:15:00,13,11
一般,捷運,R11,高雄車站,20210622 12:30:00,12,17
一般,捷運,R11,高雄車站,20210622 12:45:00,14,6
一般,捷運,R11,高雄車站,20210622 13:00:00,8,17
一般,捷運,R11,高雄車站,20210622 13:15:00,25,9
一般,捷運,R11,高雄車站,20210622 13:30:00,10,13
一般,捷運,R11,高雄車站,20210622 13:45:00,14,10
一般,捷運,R11,高雄車站,20210622 14:00:00,3,15
一般,捷運,R11,高雄車站,20210622 14:15:00,15,10
一般,捷運,R11,高雄車站,20210622 14:30:00,10,16
一般,捷運,R11,高雄車站,20210622 14:45:00,11,17
一般,捷運,R11,高雄車站,20210622 15:00:00,22,13
一般,捷運,R11,高雄車站,20210622 15:15:00,16,14
一般,捷運,R11,高雄車站,20210622 15:30:00,15,38
一般,捷運,R11,高雄車站,20210622 15:45:00,17,14
一般,捷運,R11,高雄車站,20210622 16:00:00,9,11
一般,捷運,R11,高雄車站,20210622 16:15:00,6,20
一般,捷運,R11,高雄車站,20210622 16:30:00,21,19
一般,捷運,R11,高雄車站,20210622 16:45:00,10,34
一般,捷運,R11,高雄車站,20210622 17:00:00,40,41
一般,捷運,R11,高雄車站,20210622 17:15:00,40,47
一般,捷運,R11,高雄車站,20210622 17:30:00,17,66
一般,捷運,R11,高雄車站,20210622 17:45:00,26,81
一般,捷運,R11,高雄車站,20210622 18:00:00,36,63
一般,捷運,R11,高雄車站,20210622 18:15:00,42,71
一般,捷運,R11,高雄車站,20210622 18:30:00,24,35
一般,捷運,R11,高雄車站,20210622 18:45:00,40,20
一般,捷運,R11,高雄車站,20210622 19:00:00,19,36
一般,捷運,R11,高雄車站,20210622 19:15:00,16,24
一般,捷運,R11,高雄車站,20210622 19:30:00,21,20
一般,捷運,R11,高雄車站,20210622 19:45:00,14,24
一般,捷運,R11,高雄車站,20210622 20:00:00,16,18
一般,捷運,R11,高雄車站,20210622 20:15:00,8,41
一般,捷運,R11,高雄車站,20210622 20:30:00,12,17
一般,捷運,R11,高雄車站,20210622 20:45:00,6,14
一般,捷運,R11,高雄車站,20210622 21:00:00,14,10
一般,捷運,R11,高雄車站,20210622 21:15:00,2,12
一般,捷運,R11,高雄車站,20210622 21:30:00,7,8
一般,捷運,R11,高雄車站,20210622 21:45:00,6,3
一般,捷運,R11,高雄車站,20210622 22:00:00,7,5
一般,捷運,R11,高雄車站,20210622 22:15:00,8,5
一般,捷運,R11,高雄車站,20210622 22:30:00,21,2
一般,捷運,R11,高雄車站,20210622 22:45:00,0,4
一般,捷運,R11,高雄車站,20210622 23:00:00,1,1
一般,捷運,R11,高雄車站,20210622 23:15:00,3,6
一般,捷運,R9,中央公園站,20210622 05:30:00,3,0
一般,捷運,R9,中央公園站,20210622 05:45:00,1,0
一般,捷運,R9,中央公園站,20210622 06:00:00,5,3
一般,捷運,R9,中央公園站,20210622 06:15:00,16,3
一般,捷運,R9,中央公園站,20210622 06:30:00,16,4
一般,捷運,R9,中央公園站,20210622 06:45:00,14,9
一般,捷運,R9,中央公園站,20210622 07:00:00,22,4
一般,捷運,R9,中央公園站,20210622 07:15:00,20,13
一般,捷運,R9,中央公園站,20210622 07:30:00,14,21
一般,捷運,R9,中央公園站,20210622 07:45:00,16,39
一般,捷運,R9,中央公園站,20210622 08:00:00,12,24
一般,捷運,R9,中央公園站,20210622 08:15:00,16,31
一般,捷運,R9,中央公園站,20210622 08:30:00,12,31
一般,捷運,R9,中央公園站,20210622 08:45:00,9,14
一般,捷運,R9,中央公園站,20210622 09:00:00,7,12
一般,捷運,R9,中央公園站,20210622 09:15:00,12,17
一般,捷運,R9,中央公園站,20210622 09:30:00,6,11
一般,捷運,R9,中央公園站,20210622 09:45:00,2,8
一般,捷運,R9,中央公園站,20210622 10:00:00,9,10
一般,捷運,R9,中央公園站,20210622 10:15:00,7,15
一般,捷運,R9,中央公園站,20210622 10:30:00,9,17
一般,捷運,R9,中央公園站,20210622 10:45:00,9,7
一般,捷運,R9,中央公園站,20210622 11:00:00,6,13
一般,捷運,R9,中央公園站,20210622 11:15:00,9,8
一般,捷運,R9,中央公園站,20210622 11:30:00,8,11
一般,捷運,R9,中央公園站,20210622 11:45:00,5,15
一般,捷運,R9,中央公園站,20210622 12:00:00,7,10
一般,捷運,R9,中央公園站,20210622 12:15:00,4,8
一般,捷運,R9,中央公園站,20210622 12:30:00,0,10
一般,捷運,R9,中央公園站,20210622 12:45:00,5,14
一般,捷運,R9,中央公園站,20210622 13:00:00,9,12
一般,捷運,R9,中央公園站,20210622 13:15:00,6,8
一般,捷運,R9,中央公園站,20210622 13:30:00,10,7
一般,捷運,R9,中央公園站,20210622 13:45:00,10,13
一般,捷運,R9,中央公園站,20210622 14:00:00,6,5
一般,捷運,R9,中央公園站,20210622 14:15:00,8,7
一般,捷運,R9,中央公園站,20210622 14:30:00,3,8
一般,捷運,R9,中央公園站,20210622 14:45:00,10,9
一般,捷運,R9,中央公園站,20210622 15:00:00,7,9
一般,捷運,R9,中央公園站,20210622 15:15:00,6,5
一般,捷運,R9,中央公園站,20210622 15:30:00,7,7
一般,捷運,R9,中央公園站,20210622 15:45:00,8,6
一般,捷運,R9,中央公園站,20210622 16:00:00,10,15
一般,捷運,R9,中央公園站,20210622 16:15:00,17,6
一般,捷運,R9,中央公園站,20210622 16:30:00,8,3
一般,捷運,R9,中央公園站,20210622 16:45:00,16,16
一般,捷運,R9,中央公園站,20210622 17:00:00,13,9
一般,捷運,R9,中央公園站,20210622 17:15:00,18,18
一般,捷運,R9,中央公園站,20210622 17:30:00,23,12
一般,捷運,R9,中央公園站,20210622 17:45:00,35,20
一般,捷運,R9,中央公園站,20210622 18:00:00,33,28
一般,捷運,R9,中央公園站,20210622 18:15:00,35,29
一般,捷運,R9,中央公園站,20210622 18:30:00,25,17
一般,捷運,R9,中央公園站,20210622 18:45:00,14,15
一般,捷運,R9,中央公園站,20210622 19:00:00,18,12
一般,捷運,R9,中央公園站,20210622 19:15:00,17,11
一般,捷運,R9,中央公園站,20210622 19:30:00,19,10
一般,捷運,R9,中央公園站,20210622 19:45:00,13,6
一般,捷運,R9,中央公園站,20210622 20:00:00,9,7
一般,捷運,R9,中央公園站,20210622 20:15:00,21,20
一般,捷運,R9,中央公園站,20210622 20:30:00,9,9
一般,捷運,R9,中央公園站,20210622 20:45:00,9,9
一般,捷運,R9,中央公園站,20210622 21:00:00,9,5
一般,捷運,R9,中央公園站,20210622 21:15:00,16,8
一般,捷運,R9,中央公園站,20210622 21:30:00,5,1
一般,捷運,R9,中央公園站,20210622 21:45:00,1,6
一般,捷運,R9,中央公園站,20210622 22:00:00,11,2
一般,捷運,R9,中央公園站,20210622 22:15:00,4,3
一般,捷運,R9,中央公園站,20210622 22:30:00,1,3
一般,捷運,R9,中央公園站,20210622 22:45:00,1,3
一般,捷運,R9,中央公園站,20210622 23:00:00,2,0
一般,捷運,R9,中央公園站,20210622 23:15:00,4,2
一般,捷運,R9,中央公園站,20210622 23:30:00,0,1
一般,捷運,R8,三多商圈站,20210622 05:30:00,4,0
一般,捷運,R8,三多商圈站,20210622 05:45:00,9,0
一般,捷運,R8,三多商圈站,20210622 06:00:00,20,1
一般,捷運,R8,三多商圈站,20210622 06:15:00,39,2
一般,捷運,R8,三多商圈站,20210622 06:30:00,42,11
一般,捷運,R8,三多商圈站,20210622 06:45:00,42,10
一般,捷運,R8,三多商圈站,20210622 07:00:00,49,21
一般,捷運,R8,三多商圈站,20210622 07:15:00,58,39
一般,捷運,R8,三多商圈站,20210622 07:30:00,38,52
一般,捷運,R8,三多商圈站,20210622 07:45:00,54,82
一般,捷運,R8,三多商圈站,20210622 08:00:00,38,102
一般,捷運,R8,三多商圈站,20210622 08:15:00,27,82
一般,捷運,R8,三多商圈站,20210622 08:30:00,33,74
一般,捷運,R8,三多商圈站,20210622 08:45:00,21,49
一般,捷運,R8,三多商圈站,20210622 09:00:00,11,26
一般,捷運,R8,三多商圈站,20210622 09:15:00,13,26
一般,捷運,R8,三多商圈站,20210622 09:30:00,10,22
一般,捷運,R8,三多商圈站,20210622 09:45:00,10,14
一般,捷運,R8,三多商圈站,20210622 10:00:00,15,23
一般,捷運,R8,三多商圈站,20210622 10:15:00,19,14
一般,捷運,R8,三多商圈站,20210622 10:30:00,19,28
一般,捷運,R8,三多商圈站,20210622 10:45:00,23,30
一般,捷運,R8,三多商圈站,20210622 11:00:00,18,61
一般,捷運,R8,三多商圈站,20210622 11:15:00,24,30
一般,捷運,R8,三多商圈站,20210622 11:30:00,14,31
一般,捷運,R8,三多商圈站,20210622 11:45:00,11,13
一般,捷運,R8,三多商圈站,20210622 12:00:00,21,20
一般,捷運,R8,三多商圈站,20210622 12:15:00,13,15
一般,捷運,R8,三多商圈站,20210622 12:30:00,13,23
一般,捷運,R8,三多商圈站,20210622 12:45:00,19,13
一般,捷運,R8,三多商圈站,20210622 13:00:00,14,14
一般,捷運,R8,三多商圈站,20210622 13:15:00,9,7
一般,捷運,R8,三多商圈站,20210622 13:30:00,14,20
一般,捷運,R8,三多商圈站,20210622 13:45:00,14,9
一般,捷運,R8,三多商圈站,20210622 14:00:00,19,17
一般,捷運,R8,三多商圈站,20210622 14:15:00,12,6
一般,捷運,R8,三多商圈站,20210622 14:30:00,15,12
一般,捷運,R8,三多商圈站,20210622 14:45:00,15,14
一般,捷運,R8,三多商圈站,20210622 15:00:00,16,13
一般,捷運,R8,三多商圈站,20210622 15:15:00,18,12
一般,捷運,R8,三多商圈站,20210622 15:30:00,18,14
一般,捷運,R8,三多商圈站,20210622 15:45:00,12,11
一般,捷運,R8,三多商圈站,20210622 16:00:00,16,21
一般,捷運,R8,三多商圈站,20210622 16:15:00,19,7
一般,捷運,R8,三多商圈站,20210622 16:30:00,18,31
一般,捷運,R8,三多商圈站,20210622 16:45:00,25,28
一般,捷運,R8,三多商圈站,20210622 17:00:00,44,42
一般,捷運,R8,三多商圈站,20210622 17:15:00,38,41
一般,捷運,R8,三多商圈站,20210622 17:30:00,61,44
一般,捷運,R8,三多商圈站,20210622 17:45:00,80,64
一般,捷運,R8,三多商圈站,20210622 18:00:00,93,43
一般,捷運,R8,三多商圈站,20210622 18:15:00,90,48
一般,捷運,R8,三多商圈站,20210622 18:30:00,66,57
一般,捷運,R8,三多商圈站,20210622 18:45:00,43,50
一般,捷運,R8,三多商圈站,20210622 19:00:00,39,37
一般,捷運,R8,三多商圈站,20210622 19:15:00,29,22
一般,捷運,R8,三多商圈站,20210622 19:30:00,32,24
一般,捷運,R8,三多商圈站,20210622 19:45:00,20,24
一般,捷運,R8,三多商圈站,20210622 20:00:00,80,28
一般,捷運,R8,三多商圈站,20210622 20:15:00,31,23
一般,捷運,R8,三多商圈站,20210622 20:30:00,47,34
一般,捷運,R8,三多商圈站,20210622 20:45:00,26,14
一般,捷運,R8,三多商圈站,20210622 21:00:00,22,23
一般,捷運,R8,三多商圈站,20210622 21:15:00,15,9
一般,捷運,R8,三多商圈站,20210622 21:30:00,10,9
一般,捷運,R8,三多商圈站,20210622 21:45:00,3,7
一般,捷運,R8,三多商圈站,20210622 22:00:00,4,16
一般,捷運,R8,三多商圈站,20210622 22:15:00,7,5
一般,捷運,R8,三多商圈站,20210622 22:30:00,5,9
一般,捷運,R8,三多商圈站,20210622 22:45:00,2,5
一般,捷運,R8,三多商圈站,20210622 23:00:00,5,3
一般,捷運,R8,三多商圈站,20210622 23:15:00,0,3
一般,捷運,R7,獅甲站,20210622 05:45:00,2,0
一般,捷運,R7,獅甲站,20210622 06:00:00,9,0
一般,捷運,R7,獅甲站,20210622 06:15:00,9,2
一般,捷運,R7,獅甲站,20210622 06:30:00,12,5
一般,捷運,R7,獅甲站,20210622 06:45:00,15,6
一般,捷運,R7,獅甲站,20210622 07:00:00,23,18
一般,捷運,R7,獅甲站,20210622 07:15:00,17,24
一般,捷運,R7,獅甲站,20210622 07:30:00,24,43
一般,捷運,R7,獅甲站,20210622 07:45:00,18,53
一般,捷運,R7,獅甲站,20210622 08:00:00,12,68
一般,捷運,R7,獅甲站,20210622 08:15:00,7,61
一般,捷運,R7,獅甲站,20210622 08:30:00,10,55
一般,捷運,R7,獅甲站,20210622 08:45:00,12,35
一般,捷運,R7,獅甲站,20210622 09:00:00,3,15
一般,捷運,R7,獅甲站,20210622 09:15:00,6,12
一般,捷運,R7,獅甲站,20210622 09:30:00,7,15
一般,捷運,R7,獅甲站,20210622 09:45:00,2,5
一般,捷運,R7,獅甲站,20210622 10:00:00,9,8
一般,捷運,R7,獅甲站,20210622 10:15:00,2,5
一般,捷運,R7,獅甲站,20210622 10:30:00,11,7
一般,捷運,R7,獅甲站,20210622 10:45:00,8,3
一般,捷運,R7,獅甲站,20210622 11:00:00,1,8
一般,捷運,R7,獅甲站,20210622 11:15:00,3,3
一般,捷運,R7,獅甲站,20210622 11:30:00,4,8
一般,捷運,R7,獅甲站,20210622 11:45:00,7,9
一般,捷運,R7,獅甲站,20210622 12:00:00,11,17
一般,捷運,R7,獅甲站,20210622 12:15:00,7,2
一般,捷運,R7,獅甲站,20210622 12:30:00,6,12
一般,捷運,R7,獅甲站,20210622 12:45:00,4,2
一般,捷運,R7,獅甲站,20210622 13:00:00,8,9
一般,捷運,R7,獅甲站,20210622 13:15:00,2,3
一般,捷運,R7,獅甲站,20210622 13:30:00,4,6
一般,捷運,R7,獅甲站,20210622 13:45:00,1,5
一般,捷運,R7,獅甲站,20210622 14:00:00,4,11
一般,捷運,R7,獅甲站,20210622 14:15:00,6,4
一般,捷運,R7,獅甲站,20210622 14:30:00,4,6
一般,捷運,R7,獅甲站,20210622 14:45:00,1,5
一般,捷運,R7,獅甲站,20210622 15:00:00,6,8
一般,捷運,R7,獅甲站,20210622 15:15:00,1,4
一般,捷運,R7,獅甲站,20210622 15:30:00,5,8
一般,捷運,R7,獅甲站,20210622 15:45:00,3,7
一般,捷運,R7,獅甲站,20210622 16:00:00,5,6
一般,捷運,R7,獅甲站,20210622 16:15:00,6,4
一般,捷運,R7,獅甲站,20210622 16:30:00,17,9
一般,捷運,R7,獅甲站,20210622 16:45:00,11,9
一般,捷運,R7,獅甲站,20210622 17:00:00,34,13
一般,捷運,R7,獅甲站,20210622 17:15:00,43,15
一般,捷運,R7,獅甲站,20210622 17:30:00,51,27
一般,捷運,R7,獅甲站,20210622 17:45:00,70,28
一般,捷運,R7,獅甲站,20210622 18:00:00,40,19
一般,捷運,R7,獅甲站,20210622 18:15:00,49,26
一般,捷運,R7,獅甲站,20210622 18:30:00,34,14
一般,捷運,R7,獅甲站,20210622 18:45:00,33,8
一般,捷運,R7,獅甲站,20210622 19:00:00,21,15
一般,捷運,R7,獅甲站,20210622 19:15:00,13,8
一般,捷運,R7,獅甲站,20210622 19:30:00,9,5
一般,捷運,R7,獅甲站,20210622 19:45:00,6,6
一般,捷運,R7,獅甲站,20210622 20:00:00,6,6
一般,捷運,R7,獅甲站,20210622 20:15:00,10,4
一般,捷運,R7,獅甲站,20210622 20:30:00,5,10
一般,捷運,R7,獅甲站,20210622 20:45:00,0,2
一般,捷運,R7,獅甲站,20210622 21:00:00,8,8
一般,捷運,R7,獅甲站,20210622 21:15:00,3,2
一般,捷運,R7,獅甲站,20210622 21:30:00,2,1
一般,捷運,R7,獅甲站,20210622 21:45:00,4,0
一般,捷運,R7,獅甲站,20210622 22:00:00,1,4
一般,捷運,R7,獅甲站,20210622 22:15:00,3,2
一般,捷運,R7,獅甲站,20210622 22:30:00,1,2
一般,捷運,R7,獅甲站,20210622 22:45:00,1,3
一般,捷運,R7,獅甲站,20210622 23:00:00,2,1
一般,捷運,R7,獅甲站,20210622 23:30:00,0,1
一般,捷運,R23,橋頭火車站,20210622 05:45:00,3,0
一般,捷運,R23,橋頭火車站,20210622 06:00:00,8,0
一般,捷運,R23,橋頭火車站,20210622 06:15:00,13,2
一般,捷運,R23,橋頭火車站,20210622 06:30:00,19,5
一般,捷運,R23,橋頭火車站,20210622 06:45:00,18,13
一般,捷運,R23,橋頭火車站,20210622 07:00:00,22,18
一般,捷運,R23,橋頭火車站,20210622 07:15:00,56,22
一般,捷運,R23,橋頭火車站,20210622 07:30:00,47,13
一般,捷運,R23,橋頭火車站,20210622 07:45:00,20,10
一般,捷運,R23,橋頭火車站,20210622 08:00:00,16,7
一般,捷運,R23,橋頭火車站,20210622 08:15:00,16,8
一般,捷運,R23,橋頭火車站,20210622 08:30:00,5,13
一般,捷運,R23,橋頭火車站,20210622 08:45:00,9,2
一般,捷運,R23,橋頭火車站,20210622 09:00:00,10,4
一般,捷運,R23,橋頭火車站,20210622 09:15:00,1,4
一般,捷運,R23,橋頭火車站,20210622 09:30:00,6,5
一般,捷運,R23,橋頭火車站,20210622 09:45:00,4,7
一般,捷運,R23,橋頭火車站,20210622 10:00:00,3,1
一般,捷運,R23,橋頭火車站,20210622 10:15:00,7,3
一般,捷運,R23,橋頭火車站,20210622 10:30:00,5,8
一般,捷運,R23,橋頭火車站,20210622 10:45:00,3,1
一般,捷運,R23,橋頭火車站,20210622 11:00:00,3,0
一般,捷運,R23,橋頭火車站,20210622 11:15:00,4,2
一般,捷運,R23,橋頭火車站,20210622 11:30:00,7,0
一般,捷運,R23,橋頭火車站,20210622 11:45:00,3,3
一般,捷運,R23,橋頭火車站,20210622 12:00:00,9,1
一般,捷運,R23,橋頭火車站,20210622 12:15:00,3,3
一般,捷運,R23,橋頭火車站,20210622 12:30:00,5,4
一般,捷運,R23,橋頭火車站,20210622 12:45:00,5,2
一般,捷運,R23,橋頭火車站,20210622 13:00:00,2,2
一般,捷運,R23,橋頭火車站,20210622 13:15:00,5,4
一般,捷運,R23,橋頭火車站,20210622 13:30:00,3,4
一般,捷運,R23,橋頭火車站,20210622 13:45:00,6,6
一般,捷運,R23,橋頭火車站,20210622 14:00:00,2,0
一般,捷運,R23,橋頭火車站,20210622 14:15:00,6,4
一般,捷運,R23,橋頭火車站,20210622 14:30:00,2,1
一般,捷運,R23,橋頭火車站,20210622 14:45:00,3,1
一般,捷運,R23,橋頭火車站,20210622 15:00:00,11,2
一般,捷運,R23,橋頭火車站,20210622 15:15:00,5,3
一般,捷運,R23,橋頭火車站,20210622 15:30:00,2,5
一般,捷運,R23,橋頭火車站,20210622 15:45:00,0,3
一般,捷運,R23,橋頭火車站,20210622 16:00:00,8,5
一般,捷運,R23,橋頭火車站,20210622 16:15:00,2,8
一般,捷運,R23,橋頭火車站,20210622 16:30:00,1,4
一般,捷運,R23,橋頭火車站,20210622 16:45:00,12,5
一般,捷運,R23,橋頭火車站,20210622 17:00:00,16,6
一般,捷運,R23,橋頭火車站,20210622 17:15:00,15,11
一般,捷運,R23,橋頭火車站,20210622 17:30:00,19,24
一般,捷運,R23,橋頭火車站,20210622 17:45:00,8,12
一般,捷運,R23,橋頭火車站,20210622 18:00:00,12,36
一般,捷運,R23,橋頭火車站,20210622 18:15:00,9,24
一般,捷運,R23,橋頭火車站,20210622 18:30:00,5,18
一般,捷運,R23,橋頭火車站,20210622 18:45:00,10,29
一般,捷運,R23,橋頭火車站,20210622 19:00:00,6,8
一般,捷運,R23,橋頭火車站,20210622 19:15:00,3,10
一般,捷運,R23,橋頭火車站,20210622 19:30:00,2,13
一般,捷運,R23,橋頭火車站,20210622 19:45:00,1,13
一般,捷運,R23,橋頭火車站,20210622 20:00:00,3,7
一般,捷運,R23,橋頭火車站,20210622 20:15:00,2,11
一般,捷運,R23,橋頭火車站,20210622 20:30:00,2,6
一般,捷運,R23,橋頭火車站,20210622 20:45:00,2,9
一般,捷運,R23,橋頭火車站,20210622 21:00:00,0,3
一般,捷運,R23,橋頭火車站,20210622 21:15:00,0,7
一般,捷運,R23,橋頭火車站,20210622 21:30:00,4,4
一般,捷運,R23,橋頭火車站,20210622 21:45:00,2,8
一般,捷運,R23,橋頭火車站,20210622 22:00:00,3,3
一般,捷運,R23,橋頭火車站,20210622 22:15:00,0,2
一般,捷運,R23,橋頭火車站,20210622 22:30:00,0,3
一般,捷運,R23,橋頭火車站,20210622 22:45:00,2,6
一般,捷運,R23,橋頭火車站,20210622 23:00:00,0,1
一般,捷運,R23,橋頭火車站,20210622 23:15:00,1,2
一般,捷運,R23,橋頭火車站,20210622 23:30:00,0,2
一般,捷運,R6,凱旋站,20210622 05:45:00,4,0
一般,捷運,R6,凱旋站,20210622 06:00:00,10,3
一般,捷運,R6,凱旋站,20210622 06:15:00,16,6
一般,捷運,R6,凱旋站,20210622 06:30:00,17,17
一般,捷運,R6,凱旋站,20210622 06:45:00,23,11
一般,捷運,R6,凱旋站,20210622 07:00:00,24,9
一般,捷運,R6,凱旋站,20210622 07:15:00,37,38
一般,捷運,R6,凱旋站,20210622 07:30:00,20,17
一般,捷運,R6,凱旋站,20210622 07:45:00,24,24
一般,捷運,R6,凱旋站,20210622 08:00:00,16,21
一般,捷運,R6,凱旋站,20210622 08:15:00,13,22
一般,捷運,R6,凱旋站,20210622 08:30:00,3,14
一般,捷運,R6,凱旋站,20210622 08:45:00,10,9
一般,捷運,R6,凱旋站,20210622 09:00:00,3,2
一般,捷運,R6,凱旋站,20210622 09:15:00,3,5
一般,捷運,R6,凱旋站,20210622 09:30:00,5,2
一般,捷運,R6,凱旋站,20210622 09:45:00,2,13
一般,捷運,R6,凱旋站,20210622 10:00:00,3,1
一般,捷運,R6,凱旋站,20210622 10:15:00,12,9
一般,捷運,R6,凱旋站,20210622 10:30:00,9,6
一般,捷運,R6,凱旋站,20210622 10:45:00,14,4
一般,捷運,R6,凱旋站,20210622 11:00:00,8,2
一般,捷運,R6,凱旋站,20210622 11:15:00,3,6
一般,捷運,R6,凱旋站,20210622 11:30:00,3,0
一般,捷運,R6,凱旋站,20210622 11:45:00,2,1
一般,捷運,R6,凱旋站,20210622 12:00:00,4,3
一般,捷運,R6,凱旋站,20210622 12:15:00,5,5
一般,捷運,R6,凱旋站,20210622 12:30:00,4,1
一般,捷運,R6,凱旋站,20210622 12:45:00,2,4
一般,捷運,R6,凱旋站,20210622 13:00:00,6,2
一般,捷運,R6,凱旋站,20210622 13:15:00,4,6
一般,捷運,R6,凱旋站,20210622 13:30:00,6,3
一般,捷運,R6,凱旋站,20210622 13:45:00,3,4
一般,捷運,R6,凱旋站,20210622 14:00:00,6,2
一般,捷運,R6,凱旋站,20210622 14:15:00,7,2
一般,捷運,R6,凱旋站,20210622 14:30:00,7,3
一般,捷運,R6,凱旋站,20210622 14:45:00,1,1
一般,捷運,R6,凱旋站,20210622 15:00:00,9,4
一般,捷運,R6,凱旋站,20210622 15:15:00,7,10
一般,捷運,R6,凱旋站,20210622 15:30:00,4,8
一般,捷運,R6,凱旋站,20210622 15:45:00,6,8
一般,捷運,R6,凱旋站,20210622 16:00:00,6,8
一般,捷運,R6,凱旋站,20210622 16:15:00,10,7
一般,捷運,R6,凱旋站,20210622 16:30:00,1,3
一般,捷運,R6,凱旋站,20210622 16:45:00,10,10
一般,捷運,R6,凱旋站,20210622 17:00:00,7,19
一般,捷運,R6,凱旋站,20210622 17:15:00,27,13
一般,捷運,R6,凱旋站,20210622 17:30:00,14,8
一般,捷運,R6,凱旋站,20210622 17:45:00,26,27
一般,捷運,R6,凱旋站,20210622 18:00:00,17,21
一般,捷運,R6,凱旋站,20210622 18:15:00,27,27
一般,捷運,R6,凱旋站,20210622 18:30:00,18,17
一般,捷運,R6,凱旋站,20210622 18:45:00,10,13
一般,捷運,R6,凱旋站,20210622 19:00:00,8,23
一般,捷運,R6,凱旋站,20210622 19:15:00,8,12
一般,捷運,R6,凱旋站,20210622 19:30:00,10,6
一般,捷運,R6,凱旋站,20210622 19:45:00,1,9
一般,捷運,R6,凱旋站,20210622 20:00:00,9,20
一般,捷運,R6,凱旋站,20210622 20:15:00,18,16
一般,捷運,R6,凱旋站,20210622 20:30:00,11,17
一般,捷運,R6,凱旋站,20210622 20:45:00,2,3
一般,捷運,R6,凱旋站,20210622 21:00:00,2,7
一般,捷運,R6,凱旋站,20210622 21:15:00,1,0
一般,捷運,R6,凱旋站,20210622 21:30:00,1,4
一般,捷運,R6,凱旋站,20210622 21:45:00,1,3
一般,捷運,R6,凱旋站,20210622 22:00:00,0,2
一般,捷運,R6,凱旋站,20210622 22:15:00,4,1
一般,捷運,R6,凱旋站,20210622 22:30:00,1,6
一般,捷運,R6,凱旋站,20210622 22:45:00,1,4
一般,捷運,R6,凱旋站,20210622 23:00:00,1,2
一般,捷運,R6,凱旋站,20210622 23:15:00,0,2
一般,捷運,R6,凱旋站,20210622 23:30:00,0,3
一般,捷運,R5,前鎮高中站,20210622 05:30:00,3,0
一般,捷運,R5,前鎮高中站,20210622 05:45:00,17,0
一般,捷運,R5,前鎮高中站,20210622 06:00:00,18,0
一般,捷運,R5,前鎮高中站,20210622 06:15:00,15,6
一般,捷運,R5,前鎮高中站,20210622 06:30:00,29,9
一般,捷運,R5,前鎮高中站,20210622 06:45:00,39,3
一般,捷運,R5,前鎮高中站,20210622 07:00:00,43,14
一般,捷運,R5,前鎮高中站,20210622 07:15:00,42,23
一般,捷運,R5,前鎮高中站,20210622 07:30:00,34,24
一般,捷運,R5,前鎮高中站,20210622 07:45:00,29,25
一般,捷運,R5,前鎮高中站,20210622 08:00:00,13,23
一般,捷運,R5,前鎮高中站,20210622 08:15:00,23,25
一般,捷運,R5,前鎮高中站,20210622 08:30:00,11,19
一般,捷運,R5,前鎮高中站,20210622 08:45:00,12,13
一般,捷運,R5,前鎮高中站,20210622 09:00:00,16,12
一般,捷運,R5,前鎮高中站,20210622 09:15:00,6,11
一般,捷運,R5,前鎮高中站,20210622 09:30:00,14,8
一般,捷運,R5,前鎮高中站,20210622 09:45:00,6,12
一般,捷運,R5,前鎮高中站,20210622 10:00:00,12,2
一般,捷運,R5,前鎮高中站,20210622 10:15:00,14,10
一般,捷運,R5,前鎮高中站,20210622 10:30:00,11,0
一般,捷運,R5,前鎮高中站,20210622 10:45:00,7,10
一般,捷運,R5,前鎮高中站,20210622 11:00:00,15,7
一般,捷運,R5,前鎮高中站,20210622 11:15:00,11,8
一般,捷運,R5,前鎮高中站,20210622 11:30:00,3,0
一般,捷運,R5,前鎮高中站,20210622 11:45:00,8,10
一般,捷運,R5,前鎮高中站,20210622 12:00:00,10,5
一般,捷運,R5,前鎮高中站,20210622 12:15:00,8,9
一般,捷運,R5,前鎮高中站,20210622 12:30:00,3,3
一般,捷運,R5,前鎮高中站,20210622 12:45:00,4,11
一般,捷運,R5,前鎮高中站,20210622 13:00:00,2,2
一般,捷運,R5,前鎮高中站,20210622 13:15:00,3,1
一般,捷運,R5,前鎮高中站,20210622 13:30:00,4,4
一般,捷運,R5,前鎮高中站,20210622 13:45:00,6,12
一般,捷運,R5,前鎮高中站,20210622 14:00:00,3,6
一般,捷運,R5,前鎮高中站,20210622 14:15:00,7,6
一般,捷運,R5,前鎮高中站,20210622 14:30:00,6,3
一般,捷運,R5,前鎮高中站,20210622 14:45:00,5,8
一般,捷運,R5,前鎮高中站,20210622 15:00:00,9,5
一般,捷運,R5,前鎮高中站,20210622 15:15:00,8,11
一般,捷運,R5,前鎮高中站,20210622 15:30:00,8,6
一般,捷運,R5,前鎮高中站,20210622 15:45:00,4,8
一般,捷運,R5,前鎮高中站,20210622 16:00:00,12,8
一般,捷運,R5,前鎮高中站,20210622 16:15:00,9,5
一般,捷運,R5,前鎮高中站,20210622 16:30:00,13,4
一般,捷運,R5,前鎮高中站,20210622 16:45:00,7,11
一般,捷運,R5,前鎮高中站,20210622 17:00:00,22,13
一般,捷運,R5,前鎮高中站,20210622 17:15:00,17,18
一般,捷運,R5,前鎮高中站,20210622 17:30:00,30,24
一般,捷運,R5,前鎮高中站,20210622 17:45:00,24,33
一般,捷運,R5,前鎮高中站,20210622 18:00:00,14,44
一般,捷運,R5,前鎮高中站,20210622 18:15:00,18,35
一般,捷運,R5,前鎮高中站,20210622 18:30:00,16,12
一般,捷運,R5,前鎮高中站,20210622 18:45:00,7,33
一般,捷運,R5,前鎮高中站,20210622 19:00:00,6,10
一般,捷運,R5,前鎮高中站,20210622 19:15:00,10,20
一般,捷運,R5,前鎮高中站,20210622 19:30:00,3,12
一般,捷運,R5,前鎮高中站,20210622 19:45:00,7,25
一般,捷運,R5,前鎮高中站,20210622 20:00:00,3,11
一般,捷運,R5,前鎮高中站,20210622 20:15:00,6,27
一般,捷運,R5,前鎮高中站,20210622 20:30:00,0,13
一般,捷運,R5,前鎮高中站,20210622 20:45:00,2,17
一般,捷運,R5,前鎮高中站,20210622 21:00:00,3,4
一般,捷運,R5,前鎮高中站,20210622 21:15:00,4,11
一般,捷運,R5,前鎮高中站,20210622 21:30:00,0,3
一般,捷運,R5,前鎮高中站,20210622 21:45:00,1,4
一般,捷運,R5,前鎮高中站,20210622 22:00:00,4,1
一般,捷運,R5,前鎮高中站,20210622 22:15:00,1,4
一般,捷運,R5,前鎮高中站,20210622 22:30:00,5,3
一般,捷運,R5,前鎮高中站,20210622 22:45:00,3,6
一般,捷運,R5,前鎮高中站,20210622 23:00:00,3,3
一般,捷運,R5,前鎮高中站,20210622 23:15:00,0,3
一般,捷運,R4A,草衙站,20210622 05:30:00,3,0
一般,捷運,R4A,草衙站,20210622 05:45:00,9,1
一般,捷運,R4A,草衙站,20210622 06:00:00,11,0
一般,捷運,R4A,草衙站,20210622 06:15:00,17,4
一般,捷運,R4A,草衙站,20210622 06:30:00,14,5
一般,捷運,R4A,草衙站,20210622 06:45:00,17,8
一般,捷運,R4A,草衙站,20210622 07:00:00,39,13
一般,捷運,R4A,草衙站,20210622 07:15:00,41,24
一般,捷運,R4A,草衙站,20210622 07:30:00,52,54
一般,捷運,R4A,草衙站,20210622 07:45:00,38,32
一般,捷運,R4A,草衙站,20210622 08:00:00,31,32
一般,捷運,R4A,草衙站,20210622 08:15:00,13,19
一般,捷運,R4A,草衙站,20210622 08:30:00,9,27
一般,捷運,R4A,草衙站,20210622 08:45:00,10,14
一般,捷運,R4A,草衙站,20210622 09:00:00,7,4
一般,捷運,R4A,草衙站,20210622 09:15:00,1,5
一般,捷運,R4A,草衙站,20210622 09:30:00,3,4
一般,捷運,R4A,草衙站,20210622 09:45:00,9,10
一般,捷運,R4A,草衙站,20210622 10:00:00,7,6
一般,捷運,R4A,草衙站,20210622 10:15:00,8,12
一般,捷運,R4A,草衙站,20210622 10:30:00,9,13
一般,捷運,R4A,草衙站,20210622 10:45:00,4,11
一般,捷運,R4A,草衙站,20210622 11:00:00,7,25
一般,捷運,R4A,草衙站,20210622 11:15:00,2,15
一般,捷運,R4A,草衙站,20210622 11:30:00,4,11
一般,捷運,R4A,草衙站,20210622 11:45:00,6,2
一般,捷運,R4A,草衙站,20210622 12:00:00,7,11
一般,捷運,R4A,草衙站,20210622 12:15:00,4,0
一般,捷運,R4A,草衙站,20210622 12:30:00,2,9
一般,捷運,R4A,草衙站,20210622 12:45:00,5,2
一般,捷運,R4A,草衙站,20210622 13:00:00,10,7
一般,捷運,R4A,草衙站,20210622 13:15:00,2,6
一般,捷運,R4A,草衙站,20210622 13:30:00,9,8
一般,捷運,R4A,草衙站,20210622 13:45:00,6,3
一般,捷運,R4A,草衙站,20210622 14:00:00,8,14
一般,捷運,R4A,草衙站,20210622 14:15:00,10,4
一般,捷運,R4A,草衙站,20210622 14:30:00,4,9
一般,捷運,R4A,草衙站,20210622 14:45:00,1,2
一般,捷運,R4A,草衙站,20210622 15:00:00,7,14
一般,捷運,R4A,草衙站,20210622 15:15:00,5,5
一般,捷運,R4A,草衙站,20210622 15:30:00,3,10
一般,捷運,R4A,草衙站,20210622 15:45:00,8,4
一般,捷運,R4A,草衙站,20210622 16:00:00,8,7
一般,捷運,R4A,草衙站,20210622 16:15:00,6,9
一般,捷運,R4A,草衙站,20210622 16:30:00,6,3
一般,捷運,R4A,草衙站,20210622 16:45:00,21,7
一般,捷運,R4A,草衙站,20210622 17:00:00,13,11
一般,捷運,R4A,草衙站,20210622 17:15:00,32,19
一般,捷運,R4A,草衙站,20210622 17:30:00,35,28
一般,捷運,R4A,草衙站,20210622 17:45:00,28,26
一般,捷運,R4A,草衙站,20210622 18:00:00,19,21
一般,捷運,R4A,草衙站,20210622 18:15:00,17,37
一般,捷運,R4A,草衙站,20210622 18:30:00,15,24
一般,捷運,R4A,草衙站,20210622 18:45:00,9,28
一般,捷運,R4A,草衙站,20210622 19:00:00,11,13
一般,捷運,R4A,草衙站,20210622 19:15:00,10,6
一般,捷運,R4A,草衙站,20210622 19:30:00,5,13
一般,捷運,R4A,草衙站,20210622 19:45:00,12,7
一般,捷運,R4A,草衙站,20210622 20:00:00,36,2
一般,捷運,R4A,草衙站,20210622 20:15:00,12,18
一般,捷運,R4A,草衙站,20210622 20:30:00,11,14
一般,捷運,R4A,草衙站,20210622 20:45:00,5,12
一般,捷運,R4A,草衙站,20210622 21:00:00,3,5
一般,捷運,R4A,草衙站,20210622 21:15:00,4,4
一般,捷運,R4A,草衙站,20210622 21:30:00,3,7
一般,捷運,R4A,草衙站,20210622 21:45:00,4,6
一般,捷運,R4A,草衙站,20210622 22:00:00,0,4
一般,捷運,R4A,草衙站,20210622 22:15:00,3,3
一般,捷運,R4A,草衙站,20210622 22:30:00,7,7
一般,捷運,R4A,草衙站,20210622 22:45:00,0,5
一般,捷運,R4A,草衙站,20210622 23:00:00,2,0
一般,捷運,R4A,草衙站,20210622 23:15:00,1,6
一般,捷運,R4A,草衙站,20210622 23:30:00,0,1
一般,捷運,R4,高雄國際機場站,20210622 05:30:00,1,0
一般,捷運,R4,高雄國際機場站,20210622 05:45:00,2,0
一般,捷運,R4,高雄國際機場站,20210622 06:15:00,2,6
一般,捷運,R4,高雄國際機場站,20210622 06:30:00,0,8
一般,捷運,R4,高雄國際機場站,20210622 06:45:00,5,8
一般,捷運,R4,高雄國際機場站,20210622 07:00:00,6,12
一般,捷運,R4,高雄國際機場站,20210622 07:15:00,5,18
一般,捷運,R4,高雄國際機場站,20210622 07:30:00,6,22
一般,捷運,R4,高雄國際機場站,20210622 07:45:00,10,35
一般,捷運,R4,高雄國際機場站,20210622 08:00:00,1,37
一般,捷運,R4,高雄國際機場站,20210622 08:15:00,4,23
一般,捷運,R4,高雄國際機場站,20210622 08:30:00,0,18
一般,捷運,R4,高雄國際機場站,20210622 08:45:00,2,14
一般,捷運,R4,高雄國際機場站,20210622 09:00:00,0,5
一般,捷運,R4,高雄國際機場站,20210622 09:15:00,1,0
一般,捷運,R4,高雄國際機場站,20210622 09:30:00,4,4
一般,捷運,R4,高雄國際機場站,20210622 09:45:00,2,3
一般,捷運,R4,高雄國際機場站,20210622 10:00:00,2,9
一般,捷運,R4,高雄國際機場站,20210622 10:15:00,1,0
一般,捷運,R4,高雄國際機場站,20210622 10:30:00,2,8
一般,捷運,R4,高雄國際機場站,20210622 10:45:00,2,0
一般,捷運,R4,高雄國際機場站,20210622 11:00:00,3,7
一般,捷運,R4,高雄國際機場站,20210622 11:15:00,1,3
一般,捷運,R4,高雄國際機場站,20210622 11:30:00,2,5
一般,捷運,R4,高雄國際機場站,20210622 11:45:00,3,2
一般,捷運,R4,高雄國際機場站,20210622 12:00:00,11,9
一般,捷運,R4,高雄國際機場站,20210622 12:15:00,1,4
一般,捷運,R4,高雄國際機場站,20210622 12:30:00,3,7
一般,捷運,R4,高雄國際機場站,20210622 12:45:00,3,2
一般,捷運,R4,高雄國際機場站,20210622 13:00:00,1,6
一般,捷運,R4,高雄國際機場站,20210622 13:15:00,2,4
一般,捷運,R4,高雄國際機場站,20210622 13:30:00,2,9
一般,捷運,R4,高雄國際機場站,20210622 13:45:00,3,5
一般,捷運,R4,高雄國際機場站,20210622 14:00:00,3,3
一般,捷運,R4,高雄國際機場站,20210622 14:15:00,3,2
一般,捷運,R4,高雄國際機場站,20210622 14:30:00,5,0
一般,捷運,R4,高雄國際機場站,20210622 14:45:00,2,0
一般,捷運,R4,高雄國際機場站,20210622 15:00:00,21,2
一般,捷運,R4,高雄國際機場站,20210622 15:15:00,13,0
一般,捷運,R4,高雄國際機場站,20210622 15:30:00,5,2
一般,捷運,R4,高雄國際機場站,20210622 15:45:00,7,0
一般,捷運,R4,高雄國際機場站,20210622 16:00:00,9,0
一般,捷運,R4,高雄國際機場站,20210622 16:15:00,1,0
一般,捷運,R4,高雄國際機場站,20210622 16:30:00,6,3
一般,捷運,R4,高雄國際機場站,20210622 16:45:00,19,1
一般,捷運,R4,高雄國際機場站,20210622 17:00:00,25,2
一般,捷運,R4,高雄國際機場站,20210622 17:15:00,21,3
一般,捷運,R4,高雄國際機場站,20210622 17:30:00,25,1
一般,捷運,R4,高雄國際機場站,20210622 17:45:00,17,3
一般,捷運,R4,高雄國際機場站,20210622 18:00:00,17,9
一般,捷運,R4,高雄國際機場站,20210622 18:15:00,14,3
一般,捷運,R4,高雄國際機場站,20210622 18:30:00,7,6
一般,捷運,R4,高雄國際機場站,20210622 18:45:00,7,5
一般,捷運,R4,高雄國際機場站,20210622 19:00:00,4,0
一般,捷運,R4,高雄國際機場站,20210622 19:15:00,1,2
一般,捷運,R4,高雄國際機場站,20210622 19:30:00,0,1
一般,捷運,R4,高雄國際機場站,20210622 19:45:00,3,2
一般,捷運,R4,高雄國際機場站,20210622 20:00:00,1,2
一般,捷運,R4,高雄國際機場站,20210622 20:15:00,1,0
一般,捷運,R4,高雄國際機場站,20210622 20:30:00,0,4
一般,捷運,R4,高雄國際機場站,20210622 20:45:00,2,0
一般,捷運,R4,高雄國際機場站,20210622 21:00:00,1,1
一般,捷運,R4,高雄國際機場站,20210622 21:15:00,2,2
一般,捷運,R4,高雄國際機場站,20210622 21:30:00,1,1
一般,捷運,R4,高雄國際機場站,20210622 21:45:00,1,0
一般,捷運,R4,高雄國際機場站,20210622 22:00:00,5,0
一般,捷運,R4,高雄國際機場站,20210622 22:15:00,0,1
一般,捷運,R4,高雄國際機場站,20210622 22:30:00,0,2
一般,捷運,R4,高雄國際機場站,20210622 22:45:00,3,0
一般,捷運,R4,高雄國際機場站,20210622 23:00:00,0,3
一般,捷運,R4,高雄國際機場站,20210622 23:30:00,0,1
一般,捷運,R3,小港站,20210622 05:30:00,10,0
一般,捷運,R3,小港站,20210622 05:45:00,16,0
一般,捷運,R3,小港站,20210622 06:00:00,21,0
一般,捷運,R3,小港站,20210622 06:15:00,32,49
一般,捷運,R3,小港站,20210622 06:30:00,40,9
一般,捷運,R3,小港站,20210622 06:45:00,57,175
一般,捷運,R3,小港站,20210622 07:00:00,85,120
一般,捷運,R3,小港站,20210622 07:15:00,71,132
一般,捷運,R3,小港站,20210622 07:30:00,77,86
一般,捷運,R3,小港站,20210622 07:45:00,57,58
一般,捷運,R3,小港站,20210622 08:00:00,41,47
一般,捷運,R3,小港站,20210622 08:15:00,33,31
一般,捷運,R3,小港站,20210622 08:30:00,29,22
一般,捷運,R3,小港站,20210622 08:45:00,12,15
一般,捷運,R3,小港站,20210622 09:00:00,25,17
一般,捷運,R3,小港站,20210622 09:15:00,17,16
一般,捷運,R3,小港站,20210622 09:30:00,18,6
一般,捷運,R3,小港站,20210622 09:45:00,14,14
一般,捷運,R3,小港站,20210622 10:00:00,16,1
一般,捷運,R3,小港站,20210622 10:15:00,13,10
一般,捷運,R3,小港站,20210622 10:30:00,25,4
一般,捷運,R3,小港站,20210622 10:45:00,20,18
一般,捷運,R3,小港站,20210622 11:00:00,14,7
一般,捷運,R3,小港站,20210622 11:15:00,8,16
一般,捷運,R3,小港站,20210622 11:30:00,6,4
一般,捷運,R3,小港站,20210622 11:45:00,16,12
一般,捷運,R3,小港站,20210622 12:00:00,11,7
一般,捷運,R3,小港站,20210622 12:15:00,17,21
一般,捷運,R3,小港站,20210622 12:30:00,11,7
一般,捷運,R3,小港站,20210622 12:45:00,16,12
一般,捷運,R3,小港站,20210622 13:00:00,14,4
一般,捷運,R3,小港站,20210622 13:15:00,7,18
一般,捷運,R3,小港站,20210622 13:30:00,6,10
一般,捷運,R3,小港站,20210622 13:45:00,14,10
一般,捷運,R3,小港站,20210622 14:00:00,16,9
一般,捷運,R3,小港站,20210622 14:15:00,10,16
一般,捷運,R3,小港站,20210622 14:30:00,10,7
一般,捷運,R3,小港站,20210622 14:45:00,15,9
一般,捷運,R3,小港站,20210622 15:00:00,10,7
一般,捷運,R3,小港站,20210622 15:15:00,23,14
一般,捷運,R3,小港站,20210622 15:30:00,18,11
一般,捷運,R3,小港站,20210622 15:45:00,13,13
一般,捷運,R3,小港站,20210622 16:00:00,11,10
一般,捷運,R3,小港站,20210622 16:15:00,14,12
一般,捷運,R3,小港站,20210622 16:30:00,46,13
一般,捷運,R3,小港站,20210622 16:45:00,159,15
一般,捷運,R3,小港站,20210622 17:00:00,96,26
一般,捷運,R3,小港站,20210622 17:15:00,73,26
一般,捷運,R3,小港站,20210622 17:30:00,100,35
一般,捷運,R3,小港站,20210622 17:45:00,91,57
一般,捷運,R3,小港站,20210622 18:00:00,71,62
一般,捷運,R3,小港站,20210622 18:15:00,35,65
一般,捷運,R3,小港站,20210622 18:30:00,30,65
一般,捷運,R3,小港站,20210622 18:45:00,26,41
一般,捷運,R3,小港站,20210622 19:00:00,13,42
一般,捷運,R3,小港站,20210622 19:15:00,5,27
一般,捷運,R3,小港站,20210622 19:30:00,18,37
一般,捷運,R3,小港站,20210622 19:45:00,9,17
一般,捷運,R3,小港站,20210622 20:00:00,12,22
一般,捷運,R3,小港站,20210622 20:15:00,7,23
一般,捷運,R3,小港站,20210622 20:30:00,9,53
一般,捷運,R3,小港站,20210622 20:45:00,8,20
一般,捷運,R3,小港站,20210622 21:00:00,3,22
一般,捷運,R3,小港站,20210622 21:15:00,1,10
一般,捷運,R3,小港站,20210622 21:30:00,10,20
一般,捷運,R3,小港站,20210622 21:45:00,4,2
一般,捷運,R3,小港站,20210622 22:00:00,6,13
一般,捷運,R3,小港站,20210622 22:15:00,5,6
一般,捷運,R3,小港站,20210622 22:30:00,2,14
一般,捷運,R3,小港站,20210622 22:45:00,3,5
一般,捷運,R3,小港站,20210622 23:00:00,1,4
一般,捷運,R3,小港站,20210622 23:15:00,0,2
一般,捷運,R3,小港站,20210622 23:30:00,1,2
一般,捷運,R3,小港站,20210622 23:45:00,1,1
一般,捷運,O1,西子灣站,20210622 05:30:00,1,0
一般,捷運,O1,西子灣站,20210622 05:45:00,1,0
一般,捷運,O1,西子灣站,20210622 06:00:00,3,1
一般,捷運,O1,西子灣站,20210622 06:15:00,1,3
一般,捷運,O1,西子灣站,20210622 06:30:00,3,2
一般,捷運,O1,西子灣站,20210622 06:45:00,7,2
一般,捷運,O1,西子灣站,20210622 07:00:00,4,10
一般,捷運,O1,西子灣站,20210622 07:15:00,2,12
一般,捷運,O1,西子灣站,20210622 07:30:00,6,16
一般,捷運,O1,西子灣站,20210622 07:45:00,6,34
一般,捷運,O1,西子灣站,20210622 08:00:00,5,30
一般,捷運,O1,西子灣站,20210622 08:15:00,7,25
一般,捷運,O1,西子灣站,20210622 08:30:00,6,30
一般,捷運,O1,西子灣站,20210622 08:45:00,5,12
一般,捷運,O1,西子灣站,20210622 09:00:00,3,15
一般,捷運,O1,西子灣站,20210622 09:15:00,2,4
一般,捷運,O1,西子灣站,20210622 09:30:00,6,10
一般,捷運,O1,西子灣站,20210622 09:45:00,2,6
一般,捷運,O1,西子灣站,20210622 10:00:00,6,1
一般,捷運,O1,西子灣站,20210622 10:15:00,4,3
一般,捷運,O1,西子灣站,20210622 10:30:00,5,5
一般,捷運,O1,西子灣站,20210622 10:45:00,2,2
一般,捷運,O1,西子灣站,20210622 11:00:00,5,10
一般,捷運,O1,西子灣站,20210622 11:15:00,1,3
一般,捷運,O1,西子灣站,20210622 11:30:00,3,3
一般,捷運,O1,西子灣站,20210622 11:45:00,4,0
一般,捷運,O1,西子灣站,20210622 12:00:00,6,8
一般,捷運,O1,西子灣站,20210622 12:15:00,1,4
一般,捷運,O1,西子灣站,20210622 12:30:00,4,8
一般,捷運,O1,西子灣站,20210622 12:45:00,2,1
一般,捷運,O1,西子灣站,20210622 13:00:00,4,3
一般,捷運,O1,西子灣站,20210622 13:15:00,2,6
一般,捷運,O1,西子灣站,20210622 13:30:00,9,2
一般,捷運,O1,西子灣站,20210622 13:45:00,2,2
一般,捷運,O1,西子灣站,20210622 14:00:00,6,8
一般,捷運,O1,西子灣站,20210622 14:15:00,2,4
一般,捷運,O1,西子灣站,20210622 14:30:00,3,5
一般,捷運,O1,西子灣站,20210622 14:45:00,2,0
一般,捷運,O1,西子灣站,20210622 15:00:00,5,8
一般,捷運,O1,西子灣站,20210622 15:15:00,7,5
一般,捷運,O1,西子灣站,20210622 15:30:00,5,4
一般,捷運,O1,西子灣站,20210622 15:45:00,3,1
一般,捷運,O1,西子灣站,20210622 16:00:00,3,9
一般,捷運,O1,西子灣站,20210622 16:15:00,4,3
一般,捷運,O1,西子灣站,20210622 16:30:00,13,4
一般,捷運,O1,西子灣站,20210622 16:45:00,25,3
一般,捷運,O1,西子灣站,20210622 17:00:00,19,3
一般,捷運,O1,西子灣站,20210622 17:15:00,39,1
一般,捷運,O1,西子灣站,20210622 17:30:00,27,9
一般,捷運,O1,西子灣站,20210622 17:45:00,21,6
一般,捷運,O1,西子灣站,20210622 18:00:00,19,11
一般,捷運,O1,西子灣站,20210622 18:15:00,12,8
一般,捷運,O1,西子灣站,20210622 18:30:00,12,6
一般,捷運,O1,西子灣站,20210622 18:45:00,12,10
一般,捷運,O1,西子灣站,20210622 19:00:00,5,3
一般,捷運,O1,西子灣站,20210622 19:15:00,4,2
一般,捷運,O1,西子灣站,20210622 19:30:00,6,0
一般,捷運,O1,西子灣站,20210622 19:45:00,1,6
一般,捷運,O1,西子灣站,20210622 20:00:00,2,1
一般,捷運,O1,西子灣站,20210622 20:15:00,1,6
一般,捷運,O1,西子灣站,20210622 20:30:00,2,2
一般,捷運,O1,西子灣站,20210622 20:45:00,2,3
一般,捷運,O1,西子灣站,20210622 21:00:00,1,1
一般,捷運,O1,西子灣站,20210622 21:15:00,1,2
一般,捷運,O1,西子灣站,20210622 21:30:00,0,4
一般,捷運,O1,西子灣站,20210622 21:45:00,1,4
一般,捷運,O1,西子灣站,20210622 22:00:00,0,3
一般,捷運,O1,西子灣站,20210622 22:15:00,2,0
一般,捷運,O1,西子灣站,20210622 22:30:00,0,3
一般,捷運,O1,西子灣站,20210622 22:45:00,1,0
一般,捷運,O1,西子灣站,20210622 23:00:00,1,2
一般,捷運,O1,西子灣站,20210622 23:15:00,0,2
一般,捷運,O2,鹽埕埔站,20210622 05:45:00,7,0
一般,捷運,O2,鹽埕埔站,20210622 06:00:00,6,0
一般,捷運,O2,鹽埕埔站,20210622 06:15:00,3,0
一般,捷運,O2,鹽埕埔站,20210622 06:30:00,8,3
一般,捷運,O2,鹽埕埔站,20210622 06:45:00,6,6
一般,捷運,O2,鹽埕埔站,20210622 07:00:00,10,2
一般,捷運,O2,鹽埕埔站,20210622 07:15:00,10,9
一般,捷運,O2,鹽埕埔站,20210622 07:30:00,16,7
一般,捷運,O2,鹽埕埔站,20210622 07:45:00,7,22
一般,捷運,O2,鹽埕埔站,20210622 08:00:00,4,30
一般,捷運,O2,鹽埕埔站,20210622 08:15:00,11,42
一般,捷運,O2,鹽埕埔站,20210622 08:30:00,9,34
一般,捷運,O2,鹽埕埔站,20210622 08:45:00,6,13
一般,捷運,O2,鹽埕埔站,20210622 09:00:00,5,6
一般,捷運,O2,鹽埕埔站,20210622 09:15:00,4,15
一般,捷運,O2,鹽埕埔站,20210622 09:30:00,8,7
一般,捷運,O2,鹽埕埔站,20210622 09:45:00,8,8
一般,捷運,O2,鹽埕埔站,20210622 10:00:00,9,5
一般,捷運,O2,鹽埕埔站,20210622 10:15:00,0,7
一般,捷運,O2,鹽埕埔站,20210622 10:30:00,2,3
一般,捷運,O2,鹽埕埔站,20210622 10:45:00,5,9
一般,捷運,O2,鹽埕埔站,20210622 11:00:00,1,2
一般,捷運,O2,鹽埕埔站,20210622 11:15:00,1,2
一般,捷運,O2,鹽埕埔站,20210622 11:30:00,2,3
一般,捷運,O2,鹽埕埔站,20210622 11:45:00,2,10
一般,捷運,O2,鹽埕埔站,20210622 12:00:00,3,2
一般,捷運,O2,鹽埕埔站,20210622 12:15:00,8,8
一般,捷運,O2,鹽埕埔站,20210622 12:30:00,5,1
一般,捷運,O2,鹽埕埔站,20210622 12:45:00,2,7
一般,捷運,O2,鹽埕埔站,20210622 13:00:00,4,1
一般,捷運,O2,鹽埕埔站,20210622 13:15:00,7,5
一般,捷運,O2,鹽埕埔站,20210622 13:30:00,5,2
一般,捷運,O2,鹽埕埔站,20210622 13:45:00,6,7
一般,捷運,O2,鹽埕埔站,20210622 14:00:00,5,4
一般,捷運,O2,鹽埕埔站,20210622 14:15:00,5,3
一般,捷運,O2,鹽埕埔站,20210622 14:30:00,2,1
一般,捷運,O2,鹽埕埔站,20210622 14:45:00,4,6
一般,捷運,O2,鹽埕埔站,20210622 15:00:00,3,2
一般,捷運,O2,鹽埕埔站,20210622 15:15:00,3,5
一般,捷運,O2,鹽埕埔站,20210622 15:30:00,8,4
一般,捷運,O2,鹽埕埔站,20210622 15:45:00,1,4
一般,捷運,O2,鹽埕埔站,20210622 16:00:00,7,5
一般,捷運,O2,鹽埕埔站,20210622 16:15:00,8,7
一般,捷運,O2,鹽埕埔站,20210622 16:30:00,10,8
一般,捷運,O2,鹽埕埔站,20210622 16:45:00,8,7
一般,捷運,O2,鹽埕埔站,20210622 17:00:00,26,15
一般,捷運,O2,鹽埕埔站,20210622 17:15:00,22,9
一般,捷運,O2,鹽埕埔站,20210622 17:30:00,23,16
一般,捷運,O2,鹽埕埔站,20210622 17:45:00,22,13
一般,捷運,O2,鹽埕埔站,20210622 18:00:00,37,19
一般,捷運,O2,鹽埕埔站,20210622 18:15:00,19,14
一般,捷運,O2,鹽埕埔站,20210622 18:30:00,14,9
一般,捷運,O2,鹽埕埔站,20210622 18:45:00,16,5
一般,捷運,O2,鹽埕埔站,20210622 19:00:00,10,5
一般,捷運,O2,鹽埕埔站,20210622 19:15:00,7,12
一般,捷運,O2,鹽埕埔站,20210622 19:30:00,5,3
一般,捷運,O2,鹽埕埔站,20210622 19:45:00,8,8
一般,捷運,O2,鹽埕埔站,20210622 20:00:00,7,4
一般,捷運,O2,鹽埕埔站,20210622 20:15:00,6,5
一般,捷運,O2,鹽埕埔站,20210622 20:30:00,5,3
一般,捷運,O2,鹽埕埔站,20210622 20:45:00,1,4
一般,捷運,O2,鹽埕埔站,20210622 21:00:00,3,4
一般,捷運,O2,鹽埕埔站,20210622 21:15:00,2,1
一般,捷運,O2,鹽埕埔站,20210622 21:30:00,3,5
一般,捷運,O2,鹽埕埔站,20210622 21:45:00,1,5
一般,捷運,O2,鹽埕埔站,20210622 22:00:00,2,1
一般,捷運,O2,鹽埕埔站,20210622 22:15:00,4,1
一般,捷運,O2,鹽埕埔站,20210622 22:45:00,2,6
一般,捷運,O2,鹽埕埔站,20210622 23:00:00,0,2
一般,捷運,O2,鹽埕埔站,20210622 23:15:00,0,2
一般,捷運,O4,市議會站,20210622 05:30:00,1,0
一般,捷運,O4,市議會站,20210622 05:45:00,2,0
一般,捷運,O4,市議會站,20210622 06:00:00,2,0
一般,捷運,O4,市議會站,20210622 06:15:00,5,6
一般,捷運,O4,市議會站,20210622 06:30:00,7,3
一般,捷運,O4,市議會站,20210622 06:45:00,5,10
一般,捷運,O4,市議會站,20210622 07:00:00,9,12
一般,捷運,O4,市議會站,20210622 07:15:00,6,30
一般,捷運,O4,市議會站,20210622 07:30:00,11,42
一般,捷運,O4,市議會站,20210622 07:45:00,10,64
一般,捷運,O4,市議會站,20210622 08:00:00,13,73
一般,捷運,O4,市議會站,20210622 08:15:00,4,67
一般,捷運,O4,市議會站,20210622 08:30:00,9,55
一般,捷運,O4,市議會站,20210622 08:45:00,5,48
一般,捷運,O4,市議會站,20210622 09:00:00,9,12
一般,捷運,O4,市議會站,20210622 09:15:00,5,12
一般,捷運,O4,市議會站,20210622 09:30:00,7,8
一般,捷運,O4,市議會站,20210622 09:45:00,7,18
一般,捷運,O4,市議會站,20210622 10:00:00,3,5
一般,捷運,O4,市議會站,20210622 10:15:00,3,7
一般,捷運,O4,市議會站,20210622 10:30:00,11,3
一般,捷運,O4,市議會站,20210622 10:45:00,9,7
一般,捷運,O4,市議會站,20210622 11:00:00,7,7
一般,捷運,O4,市議會站,20210622 11:15:00,9,12
一般,捷運,O4,市議會站,20210622 11:30:00,3,2
一般,捷運,O4,市議會站,20210622 11:45:00,5,5
一般,捷運,O4,市議會站,20210622 12:00:00,6,2
一般,捷運,O4,市議會站,20210622 12:15:00,12,9
一般,捷運,O4,市議會站,20210622 12:30:00,4,3
一般,捷運,O4,市議會站,20210622 12:45:00,5,6
一般,捷運,O4,市議會站,20210622 13:00:00,5,7
一般,捷運,O4,市議會站,20210622 13:15:00,7,4
一般,捷運,O4,市議會站,20210622 13:30:00,6,0
一般,捷運,O4,市議會站,20210622 13:45:00,3,8
一般,捷運,O4,市議會站,20210622 14:00:00,3,2
一般,捷運,O4,市議會站,20210622 14:15:00,4,5
一般,捷運,O4,市議會站,20210622 14:30:00,6,7
一般,捷運,O4,市議會站,20210622 14:45:00,4,6
一般,捷運,O4,市議會站,20210622 15:00:00,5,7
一般,捷運,O4,市議會站,20210622 15:15:00,7,2
一般,捷運,O4,市議會站,20210622 15:30:00,7,4
一般,捷運,O4,市議會站,20210622 15:45:00,8,8
一般,捷運,O4,市議會站,20210622 16:00:00,8,2
一般,捷運,O4,市議會站,20210622 16:15:00,7,9
一般,捷運,O4,市議會站,20210622 16:30:00,11,3
一般,捷運,O4,市議會站,20210622 16:45:00,23,8
一般,捷運,O4,市議會站,20210622 17:00:00,28,5
一般,捷運,O4,市議會站,20210622 17:15:00,42,16
一般,捷運,O4,市議會站,20210622 17:30:00,63,16
一般,捷運,O4,市議會站,20210622 17:45:00,54,17
一般,捷運,O4,市議會站,20210622 18:00:00,63,12
一般,捷運,O4,市議會站,20210622 18:15:00,35,14
一般,捷運,O4,市議會站,20210622 18:30:00,22,8
一般,捷運,O4,市議會站,20210622 18:45:00,21,10
一般,捷運,O4,市議會站,20210622 19:00:00,11,7
一般,捷運,O4,市議會站,20210622 19:15:00,14,8
一般,捷運,O4,市議會站,20210622 19:30:00,16,3
一般,捷運,O4,市議會站,20210622 19:45:00,9,5
一般,捷運,O4,市議會站,20210622 20:00:00,6,0
一般,捷運,O4,市議會站,20210622 20:15:00,5,4
一般,捷運,O4,市議會站,20210622 20:30:00,9,3
一般,捷運,O4,市議會站,20210622 20:45:00,4,0
一般,捷運,O4,市議會站,20210622 21:00:00,5,2
一般,捷運,O4,市議會站,20210622 21:15:00,6,2
一般,捷運,O4,市議會站,20210622 21:30:00,2,1
一般,捷運,O4,市議會站,20210622 21:45:00,4,2
一般,捷運,O4,市議會站,20210622 22:00:00,4,1
一般,捷運,O4,市議會站,20210622 22:15:00,1,3
一般,捷運,O4,市議會站,20210622 22:30:00,1,3
一般,捷運,O4,市議會站,20210622 22:45:00,0,1
一般,捷運,O4,市議會站,20210622 23:00:00,1,3
一般,捷運,O5,美麗島站,20210622 05:30:00,3,0
一般,捷運,O5,美麗島站,20210622 05:45:00,5,0
一般,捷運,O5,美麗島站,20210622 06:00:00,11,4
一般,捷運,O5,美麗島站,20210622 06:15:00,11,3
一般,捷運,O5,美麗島站,20210622 06:30:00,25,6
一般,捷運,O5,美麗島站,20210622 06:45:00,23,9
一般,捷運,O5,美麗島站,20210622 07:00:00,21,12
一般,捷運,O5,美麗島站,20210622 07:15:00,46,25
一般,捷運,O5,美麗島站,20210622 07:30:00,62,51
一般,捷運,O5,美麗島站,20210622 07:45:00,52,77
一般,捷運,O5,美麗島站,20210622 08:00:00,34,53
一般,捷運,O5,美麗島站,20210622 08:15:00,27,51
一般,捷運,O5,美麗島站,20210622 08:30:00,18,33
一般,捷運,O5,美麗島站,20210622 08:45:00,18,23
一般,捷運,O5,美麗島站,20210622 09:00:00,9,19
一般,捷運,O5,美麗島站,20210622 09:15:00,21,25
一般,捷運,O5,美麗島站,20210622 09:30:00,10,11
一般,捷運,O5,美麗島站,20210622 09:45:00,13,9
一般,捷運,O5,美麗島站,20210622 10:00:00,15,15
一般,捷運,O5,美麗島站,20210622 10:15:00,13,15
一般,捷運,O5,美麗島站,20210622 10:30:00,21,10
一般,捷運,O5,美麗島站,20210622 10:45:00,8,15
一般,捷運,O5,美麗島站,20210622 11:00:00,15,17
一般,捷運,O5,美麗島站,20210622 11:15:00,13,12
一般,捷運,O5,美麗島站,20210622 11:30:00,13,14
一般,捷運,O5,美麗島站,20210622 11:45:00,20,15
一般,捷運,O5,美麗島站,20210622 12:00:00,9,5
一般,捷運,O5,美麗島站,20210622 12:15:00,12,11
一般,捷運,O5,美麗島站,20210622 12:30:00,11,12
一般,捷運,O5,美麗島站,20210622 12:45:00,9,13
一般,捷運,O5,美麗島站,20210622 13:00:00,11,14
一般,捷運,O5,美麗島站,20210622 13:15:00,12,15
一般,捷運,O5,美麗島站,20210622 13:30:00,15,9
一般,捷運,O5,美麗島站,20210622 13:45:00,18,15
一般,捷運,O5,美麗島站,20210622 14:00:00,7,7
一般,捷運,O5,美麗島站,20210622 14:15:00,12,13
一般,捷運,O5,美麗島站,20210622 14:30:00,18,15
一般,捷運,O5,美麗島站,20210622 14:45:00,10,14
一般,捷運,O5,美麗島站,20210622 15:00:00,13,18
一般,捷運,O5,美麗島站,20210622 15:15:00,18,15
一般,捷運,O5,美麗島站,20210622 15:30:00,23,16
一般,捷運,O5,美麗島站,20210622 15:45:00,13,22
一般,捷運,O5,美麗島站,20210622 16:00:00,20,14
一般,捷運,O5,美麗島站,20210622 16:15:00,19,18
一般,捷運,O5,美麗島站,20210622 16:30:00,16,12
一般,捷運,O5,美麗島站,20210622 16:45:00,28,22
一般,捷運,O5,美麗島站,20210622 17:00:00,40,22
一般,捷運,O5,美麗島站,20210622 17:15:00,27,28
一般,捷運,O5,美麗島站,20210622 17:30:00,60,26
一般,捷運,O5,美麗島站,20210622 17:45:00,52,33
一般,捷運,O5,美麗島站,20210622 18:00:00,59,35
一般,捷運,O5,美麗島站,20210622 18:15:00,38,33
一般,捷運,O5,美麗島站,20210622 18:30:00,21,33
一般,捷運,O5,美麗島站,20210622 18:45:00,21,34
一般,捷運,O5,美麗島站,20210622 19:00:00,28,20
一般,捷運,O5,美麗島站,20210622 19:15:00,22,10
一般,捷運,O5,美麗島站,20210622 19:30:00,19,15
一般,捷運,O5,美麗島站,20210622 19:45:00,12,12
一般,捷運,O5,美麗島站,20210622 20:00:00,21,9
一般,捷運,O5,美麗島站,20210622 20:15:00,9,18
一般,捷運,O5,美麗島站,20210622 20:30:00,12,9
一般,捷運,O5,美麗島站,20210622 20:45:00,12,14
一般,捷運,O5,美麗島站,20210622 21:00:00,16,5
一般,捷運,O5,美麗島站,20210622 21:15:00,9,10
一般,捷運,O5,美麗島站,20210622 21:30:00,10,5
一般,捷運,O5,美麗島站,20210622 21:45:00,6,5
一般,捷運,O5,美麗島站,20210622 22:00:00,5,4
一般,捷運,O5,美麗島站,20210622 22:15:00,4,5
一般,捷運,O5,美麗島站,20210622 22:30:00,3,7
一般,捷運,O5,美麗島站,20210622 22:45:00,2,11
一般,捷運,O5,美麗島站,20210622 23:00:00,3,2
一般,捷運,O5,美麗島站,20210622 23:15:00,1,4
一般,捷運,O6,信義國小站,20210622 03:00:00,1,0
一般,捷運,O6,信義國小站,20210622 03:15:00,0,1
一般,捷運,O6,信義國小站,20210622 05:45:00,3,0
一般,捷運,O6,信義國小站,20210622 06:00:00,2,0
一般,捷運,O6,信義國小站,20210622 06:15:00,6,3
一般,捷運,O6,信義國小站,20210622 06:30:00,7,0
一般,捷運,O6,信義國小站,20210622 06:45:00,11,4
一般,捷運,O6,信義國小站,20210622 07:00:00,10,13
一般,捷運,O6,信義國小站,20210622 07:15:00,10,18
一般,捷運,O6,信義國小站,20210622 07:30:00,14,30
一般,捷運,O6,信義國小站,20210622 07:45:00,11,50
一般,捷運,O6,信義國小站,20210622 08:00:00,10,58
一般,捷運,O6,信義國小站,20210622 08:15:00,10,86
一般,捷運,O6,信義國小站,20210622 08:30:00,7,50
一般,捷運,O6,信義國小站,20210622 08:45:00,4,41
一般,捷運,O6,信義國小站,20210622 09:00:00,4,12
一般,捷運,O6,信義國小站,20210622 09:15:00,6,19
一般,捷運,O6,信義國小站,20210622 09:30:00,6,10
一般,捷運,O6,信義國小站,20210622 09:45:00,2,10
一般,捷運,O6,信義國小站,20210622 10:00:00,2,9
一般,捷運,O6,信義國小站,20210622 10:15:00,6,5
一般,捷運,O6,信義國小站,20210622 10:30:00,2,11
一般,捷運,O6,信義國小站,20210622 10:45:00,7,12
一般,捷運,O6,信義國小站,20210622 11:00:00,7,2
一般,捷運,O6,信義國小站,20210622 11:15:00,4,8
一般,捷運,O6,信義國小站,20210622 11:30:00,3,2
一般,捷運,O6,信義國小站,20210622 11:45:00,9,3
一般,捷運,O6,信義國小站,20210622 12:00:00,4,2
一般,捷運,O6,信義國小站,20210622 12:15:00,4,9
一般,捷運,O6,信義國小站,20210622 12:30:00,4,6
一般,捷運,O6,信義國小站,20210622 12:45:00,5,5
一般,捷運,O6,信義國小站,20210622 13:00:00,4,3
一般,捷運,O6,信義國小站,20210622 13:15:00,5,7
一般,捷運,O6,信義國小站,20210622 13:30:00,0,7
一般,捷運,O6,信義國小站,20210622 13:45:00,5,5
一般,捷運,O6,信義國小站,20210622 14:00:00,12,5
一般,捷運,O6,信義國小站,20210622 14:15:00,6,7
一般,捷運,O6,信義國小站,20210622 14:30:00,8,11
一般,捷運,O6,信義國小站,20210622 14:45:00,4,2
一般,捷運,O6,信義國小站,20210622 15:00:00,4,9
一般,捷運,O6,信義國小站,20210622 15:15:00,5,11
一般,捷運,O6,信義國小站,20210622 15:30:00,10,4
一般,捷運,O6,信義國小站,20210622 15:45:00,4,11
一般,捷運,O6,信義國小站,20210622 16:00:00,12,4
一般,捷運,O6,信義國小站,20210622 16:15:00,7,9
一般,捷運,O6,信義國小站,20210622 16:30:00,6,9
一般,捷運,O6,信義國小站,20210622 16:45:00,15,15
一般,捷運,O6,信義國小站,20210622 17:00:00,29,6
一般,捷運,O6,信義國小站,20210622 17:15:00,23,18
一般,捷運,O6,信義國小站,20210622 17:30:00,67,9
一般,捷運,O6,信義國小站,20210622 17:45:00,53,14
一般,捷運,O6,信義國小站,20210622 18:00:00,41,20
一般,捷運,O6,信義國小站,20210622 18:15:00,33,10
一般,捷運,O6,信義國小站,20210622 18:30:00,46,11
一般,捷運,O6,信義國小站,20210622 18:45:00,24,9
一般,捷運,O6,信義國小站,20210622 19:00:00,19,6
一般,捷運,O6,信義國小站,20210622 19:15:00,19,4
一般,捷運,O6,信義國小站,20210622 19:30:00,9,10
一般,捷運,O6,信義國小站,20210622 19:45:00,6,1
一般,捷運,O6,信義國小站,20210622 20:00:00,4,8
一般,捷運,O6,信義國小站,20210622 20:15:00,11,2
一般,捷運,O6,信義國小站,20210622 20:30:00,4,4
一般,捷運,O6,信義國小站,20210622 20:45:00,2,1
一般,捷運,O6,信義國小站,20210622 21:00:00,4,5
一般,捷運,O6,信義國小站,20210622 21:15:00,2,1
一般,捷運,O6,信義國小站,20210622 21:30:00,7,0
一般,捷運,O6,信義國小站,20210622 21:45:00,1,2
一般,捷運,O6,信義國小站,20210622 22:00:00,2,3
一般,捷運,O6,信義國小站,20210622 22:15:00,2,2
一般,捷運,O6,信義國小站,20210622 22:30:00,6,4
一般,捷運,O6,信義國小站,20210622 22:45:00,2,2
一般,捷運,O6,信義國小站,20210622 23:00:00,1,0
一般,捷運,R22A,橋頭糖廠站,20210622 05:45:00,1,0
一般,捷運,R22A,橋頭糖廠站,20210622 06:00:00,6,0
一般,捷運,R22A,橋頭糖廠站,20210622 06:15:00,4,2
一般,捷運,R22A,橋頭糖廠站,20210622 06:30:00,1,0
一般,捷運,R22A,橋頭糖廠站,20210622 06:45:00,5,0
一般,捷運,R22A,橋頭糖廠站,20210622 07:00:00,7,4
一般,捷運,R22A,橋頭糖廠站,20210622 07:15:00,6,7
一般,捷運,R22A,橋頭糖廠站,20210622 07:30:00,7,1
一般,捷運,R22A,橋頭糖廠站,20210622 07:45:00,6,5
一般,捷運,R22A,橋頭糖廠站,20210622 08:00:00,3,4
一般,捷運,R22A,橋頭糖廠站,20210622 08:15:00,5,4
一般,捷運,R22A,橋頭糖廠站,20210622 08:30:00,1,3
一般,捷運,R22A,橋頭糖廠站,20210622 08:45:00,1,2
一般,捷運,R22A,橋頭糖廠站,20210622 09:00:00,0,2
一般,捷運,R22A,橋頭糖廠站,20210622 09:15:00,2,2
一般,捷運,R22A,橋頭糖廠站,20210622 09:30:00,1,0
一般,捷運,R22A,橋頭糖廠站,20210622 09:45:00,3,0
一般,捷運,R22A,橋頭糖廠站,20210622 10:00:00,1,0
一般,捷運,R22A,橋頭糖廠站,20210622 10:15:00,2,0
一般,捷運,R22A,橋頭糖廠站,20210622 10:30:00,4,6
一般,捷運,R22A,橋頭糖廠站,20210622 10:45:00,2,0
一般,捷運,R22A,橋頭糖廠站,20210622 11:00:00,2,0
一般,捷運,R22A,橋頭糖廠站,20210622 11:15:00,1,0
一般,捷運,R22A,橋頭糖廠站,20210622 11:30:00,1,0
一般,捷運,R22A,橋頭糖廠站,20210622 11:45:00,1,0
一般,捷運,R22A,橋頭糖廠站,20210622 12:15:00,2,2
一般,捷運,R22A,橋頭糖廠站,20210622 12:30:00,4,0
一般,捷運,R22A,橋頭糖廠站,20210622 13:00:00,1,2
一般,捷運,R22A,橋頭糖廠站,20210622 13:15:00,0,4
一般,捷運,R22A,橋頭糖廠站,20210622 14:00:00,2,4
一般,捷運,R22A,橋頭糖廠站,20210622 14:15:00,0,2
一般,捷運,R22A,橋頭糖廠站,20210622 14:45:00,1,0
一般,捷運,R22A,橋頭糖廠站,20210622 15:00:00,8,0
一般,捷運,R22A,橋頭糖廠站,20210622 15:15:00,1,2
一般,捷運,R22A,橋頭糖廠站,20210622 15:30:00,2,0
一般,捷運,R22A,橋頭糖廠站,20210622 15:45:00,1,1
一般,捷運,R22A,橋頭糖廠站,20210622 16:00:00,1,0
一般,捷運,R22A,橋頭糖廠站,20210622 16:15:00,1,1
一般,捷運,R22A,橋頭糖廠站,20210622 16:30:00,1,0
一般,捷運,R22A,橋頭糖廠站,20210622 16:45:00,4,2
一般,捷運,R22A,橋頭糖廠站,20210622 17:00:00,7,4
一般,捷運,R22A,橋頭糖廠站,20210622 17:15:00,8,1
一般,捷運,R22A,橋頭糖廠站,20210622 17:30:00,5,4
一般,捷運,R22A,橋頭糖廠站,20210622 17:45:00,2,9
一般,捷運,R22A,橋頭糖廠站,20210622 18:00:00,4,3
一般,捷運,R22A,橋頭糖廠站,20210622 18:15:00,0,4
一般,捷運,R22A,橋頭糖廠站,20210622 18:30:00,0,11
一般,捷運,R22A,橋頭糖廠站,20210622 18:45:00,0,11
一般,捷運,R22A,橋頭糖廠站,20210622 19:00:00,0,5
一般,捷運,R22A,橋頭糖廠站,20210622 19:15:00,0,3
一般,捷運,R22A,橋頭糖廠站,20210622 19:30:00,1,3
一般,捷運,R22A,橋頭糖廠站,20210622 19:45:00,0,2
一般,捷運,R22A,橋頭糖廠站,20210622 20:15:00,1,1
一般,捷運,R22A,橋頭糖廠站,20210622 20:30:00,0,1
一般,捷運,R22A,橋頭糖廠站,20210622 21:00:00,0,1
一般,捷運,R22A,橋頭糖廠站,20210622 21:15:00,1,1
一般,捷運,R22A,橋頭糖廠站,20210622 21:30:00,0,1
一般,捷運,R22A,橋頭糖廠站,20210622 23:45:00,0,2
一般,捷運,O7,文化中心站,20210622 05:45:00,2,0
一般,捷運,O7,文化中心站,20210622 06:00:00,7,2
一般,捷運,O7,文化中心站,20210622 06:15:00,5,1
一般,捷運,O7,文化中心站,20210622 06:30:00,9,1
一般,捷運,O7,文化中心站,20210622 06:45:00,12,2
一般,捷運,O7,文化中心站,20210622 07:00:00,15,4
一般,捷運,O7,文化中心站,20210622 07:15:00,7,11
一般,捷運,O7,文化中心站,20210622 07:30:00,5,21
一般,捷運,O7,文化中心站,20210622 07:45:00,14,28
一般,捷運,O7,文化中心站,20210622 08:00:00,8,26
一般,捷運,O7,文化中心站,20210622 08:15:00,17,27
一般,捷運,O7,文化中心站,20210622 08:30:00,8,16
一般,捷運,O7,文化中心站,20210622 08:45:00,8,13
一般,捷運,O7,文化中心站,20210622 09:00:00,6,6
一般,捷運,O7,文化中心站,20210622 09:15:00,3,4
一般,捷運,O7,文化中心站,20210622 09:30:00,2,3
一般,捷運,O7,文化中心站,20210622 09:45:00,6,9
一般,捷運,O7,文化中心站,20210622 10:00:00,1,4
一般,捷運,O7,文化中心站,20210622 10:15:00,4,5
一般,捷運,O7,文化中心站,20210622 10:30:00,4,3
一般,捷運,O7,文化中心站,20210622 10:45:00,3,2
一般,捷運,O7,文化中心站,20210622 11:00:00,3,2
一般,捷運,O7,文化中心站,20210622 11:15:00,1,4
一般,捷運,O7,文化中心站,20210622 11:30:00,2,5
一般,捷運,O7,文化中心站,20210622 11:45:00,1,1
一般,捷運,O7,文化中心站,20210622 12:00:00,4,7
一般,捷運,O7,文化中心站,20210622 12:15:00,6,6
一般,捷運,O7,文化中心站,20210622 12:30:00,3,1
一般,捷運,O7,文化中心站,20210622 12:45:00,4,4
一般,捷運,O7,文化中心站,20210622 13:00:00,4,4
一般,捷運,O7,文化中心站,20210622 13:15:00,1,7
一般,捷運,O7,文化中心站,20210622 13:30:00,3,2
一般,捷運,O7,文化中心站,20210622 13:45:00,1,6
一般,捷運,O7,文化中心站,20210622 14:00:00,3,2
一般,捷運,O7,文化中心站,20210622 14:15:00,6,8
一般,捷運,O7,文化中心站,20210622 14:30:00,3,2
一般,捷運,O7,文化中心站,20210622 14:45:00,3,7
一般,捷運,O7,文化中心站,20210622 15:00:00,4,3
一般,捷運,O7,文化中心站,20210622 15:15:00,7,5
一般,捷運,O7,文化中心站,20210622 15:30:00,9,6
一般,捷運,O7,文化中心站,20210622 15:45:00,7,6
一般,捷運,O7,文化中心站,20210622 16:00:00,4,7
一般,捷運,O7,文化中心站,20210622 16:15:00,10,5
一般,捷運,O7,文化中心站,20210622 16:30:00,6,4
一般,捷運,O7,文化中心站,20210622 16:45:00,7,10
一般,捷運,O7,文化中心站,20210622 17:00:00,16,11
一般,捷運,O7,文化中心站,20210622 17:15:00,20,26
一般,捷運,O7,文化中心站,20210622 17:30:00,27,15
一般,捷運,O7,文化中心站,20210622 17:45:00,23,19
一般,捷運,O7,文化中心站,20210622 18:00:00,21,13
一般,捷運,O7,文化中心站,20210622 18:15:00,23,22
一般,捷運,O7,文化中心站,20210622 18:30:00,16,17
一般,捷運,O7,文化中心站,20210622 18:45:00,17,16
一般,捷運,O7,文化中心站,20210622 19:00:00,10,7
一般,捷運,O7,文化中心站,20210622 19:15:00,9,11
一般,捷運,O7,文化中心站,20210622 19:30:00,6,4
一般,捷運,O7,文化中心站,20210622 19:45:00,4,4
一般,捷運,O7,文化中心站,20210622 20:00:00,4,6
一般,捷運,O7,文化中心站,20210622 20:15:00,4,6
一般,捷運,O7,文化中心站,20210622 20:30:00,3,3
一般,捷運,O7,文化中心站,20210622 20:45:00,3,5
一般,捷運,O7,文化中心站,20210622 21:00:00,6,2
一般,捷運,O7,文化中心站,20210622 21:15:00,5,4
一般,捷運,O7,文化中心站,20210622 21:30:00,3,1
一般,捷運,O7,文化中心站,20210622 21:45:00,2,3
一般,捷運,O7,文化中心站,20210622 22:00:00,3,3
一般,捷運,O7,文化中心站,20210622 22:15:00,5,5
一般,捷運,O7,文化中心站,20210622 22:30:00,3,3
一般,捷運,O7,文化中心站,20210622 22:45:00,0,1
一般,捷運,O7,文化中心站,20210622 23:00:00,3,0
一般,捷運,O8,五塊厝站,20210622 05:45:00,1,0
一般,捷運,O8,五塊厝站,20210622 06:00:00,2,0
一般,捷運,O8,五塊厝站,20210622 06:15:00,5,1
一般,捷運,O8,五塊厝站,20210622 06:30:00,12,5
一般,捷運,O8,五塊厝站,20210622 06:45:00,8,5
一般,捷運,O8,五塊厝站,20210622 07:00:00,13,11
一般,捷運,O8,五塊厝站,20210622 07:15:00,19,8
一般,捷運,O8,五塊厝站,20210622 07:30:00,20,16
一般,捷運,O8,五塊厝站,20210622 07:45:00,17,20
一般,捷運,O8,五塊厝站,20210622 08:00:00,15,18
一般,捷運,O8,五塊厝站,20210622 08:15:00,24,16
一般,捷運,O8,五塊厝站,20210622 08:30:00,13,17
一般,捷運,O8,五塊厝站,20210622 08:45:00,7,12
一般,捷運,O8,五塊厝站,20210622 09:00:00,8,3
一般,捷運,O8,五塊厝站,20210622 09:15:00,2,7
一般,捷運,O8,五塊厝站,20210622 09:30:00,2,6
一般,捷運,O8,五塊厝站,20210622 09:45:00,9,10
一般,捷運,O8,五塊厝站,20210622 10:00:00,4,6
一般,捷運,O8,五塊厝站,20210622 10:15:00,9,9
一般,捷運,O8,五塊厝站,20210622 10:30:00,5,1
一般,捷運,O8,五塊厝站,20210622 10:45:00,10,2
一般,捷運,O8,五塊厝站,20210622 11:00:00,4,6
一般,捷運,O8,五塊厝站,20210622 11:15:00,11,11
一般,捷運,O8,五塊厝站,20210622 11:30:00,7,3
一般,捷運,O8,五塊厝站,20210622 11:45:00,11,5
一般,捷運,O8,五塊厝站,20210622 12:00:00,2,3
一般,捷運,O8,五塊厝站,20210622 12:15:00,4,8
一般,捷運,O8,五塊厝站,20210622 12:30:00,2,5
一般,捷運,O8,五塊厝站,20210622 12:45:00,5,6
一般,捷運,O8,五塊厝站,20210622 13:00:00,8,8
一般,捷運,O8,五塊厝站,20210622 13:15:00,6,2
一般,捷運,O8,五塊厝站,20210622 13:30:00,3,3
一般,捷運,O8,五塊厝站,20210622 13:45:00,4,2
一般,捷運,O8,五塊厝站,20210622 14:00:00,3,1
一般,捷運,O8,五塊厝站,20210622 14:15:00,4,1
一般,捷運,O8,五塊厝站,20210622 14:30:00,3,2
一般,捷運,O8,五塊厝站,20210622 14:45:00,3,4
一般,捷運,O8,五塊厝站,20210622 15:00:00,3,3
一般,捷運,O8,五塊厝站,20210622 15:15:00,2,6
一般,捷運,O8,五塊厝站,20210622 15:30:00,2,1
一般,捷運,O8,五塊厝站,20210622 15:45:00,4,2
一般,捷運,O8,五塊厝站,20210622 16:00:00,2,6
一般,捷運,O8,五塊厝站,20210622 16:15:00,9,9
一般,捷運,O8,五塊厝站,20210622 16:30:00,6,4
一般,捷運,O8,五塊厝站,20210622 16:45:00,3,9
一般,捷運,O8,五塊厝站,20210622 17:00:00,16,8
一般,捷運,O8,五塊厝站,20210622 17:15:00,12,21
一般,捷運,O8,五塊厝站,20210622 17:30:00,10,13
一般,捷運,O8,五塊厝站,20210622 17:45:00,33,15
一般,捷運,O8,五塊厝站,20210622 18:00:00,11,28
一般,捷運,O8,五塊厝站,20210622 18:15:00,14,18
一般,捷運,O8,五塊厝站,20210622 18:30:00,15,13
一般,捷運,O8,五塊厝站,20210622 18:45:00,7,16
一般,捷運,O8,五塊厝站,20210622 19:00:00,9,9
一般,捷運,O8,五塊厝站,20210622 19:15:00,7,7
一般,捷運,O8,五塊厝站,20210622 19:30:00,11,6
一般,捷運,O8,五塊厝站,20210622 19:45:00,5,7
一般,捷運,O8,五塊厝站,20210622 20:00:00,5,7
一般,捷運,O8,五塊厝站,20210622 20:15:00,3,5
一般,捷運,O8,五塊厝站,20210622 20:30:00,1,2
一般,捷運,O8,五塊厝站,20210622 20:45:00,0,8
一般,捷運,O8,五塊厝站,20210622 21:00:00,1,5
一般,捷運,O8,五塊厝站,20210622 21:15:00,3,8
一般,捷運,O8,五塊厝站,20210622 21:45:00,3,1
一般,捷運,O8,五塊厝站,20210622 22:00:00,1,0
一般,捷運,O8,五塊厝站,20210622 22:15:00,3,5
一般,捷運,O8,五塊厝站,20210622 22:30:00,1,1
一般,捷運,O8,五塊厝站,20210622 22:45:00,0,1
一般,捷運,O8,五塊厝站,20210622 23:00:00,2,1
一般,捷運,O8,五塊厝站,20210622 23:30:00,0,1
一般,捷運,O9,技擊館站,20210622 05:45:00,1,0
一般,捷運,O9,技擊館站,20210622 06:00:00,3,2
一般,捷運,O9,技擊館站,20210622 06:15:00,5,1
一般,捷運,O9,技擊館站,20210622 06:30:00,5,4
一般,捷運,O9,技擊館站,20210622 06:45:00,11,5
一般,捷運,O9,技擊館站,20210622 07:00:00,9,3
一般,捷運,O9,技擊館站,20210622 07:15:00,18,4
一般,捷運,O9,技擊館站,20210622 07:30:00,11,11
一般,捷運,O9,技擊館站,20210622 07:45:00,1,7
一般,捷運,O9,技擊館站,20210622 08:00:00,10,16
一般,捷運,O9,技擊館站,20210622 08:15:00,11,11
一般,捷運,O9,技擊館站,20210622 08:30:00,5,4
一般,捷運,O9,技擊館站,20210622 08:45:00,5,8
一般,捷運,O9,技擊館站,20210622 09:00:00,8,7
一般,捷運,O9,技擊館站,20210622 09:15:00,0,4
一般,捷運,O9,技擊館站,20210622 09:30:00,0,2
一般,捷運,O9,技擊館站,20210622 09:45:00,4,2
一般,捷運,O9,技擊館站,20210622 10:00:00,1,2
一般,捷運,O9,技擊館站,20210622 10:15:00,4,1
一般,捷運,O9,技擊館站,20210622 10:30:00,4,3
一般,捷運,O9,技擊館站,20210622 10:45:00,5,1
一般,捷運,O9,技擊館站,20210622 11:00:00,4,4
一般,捷運,O9,技擊館站,20210622 11:15:00,3,1
一般,捷運,O9,技擊館站,20210622 11:30:00,6,2
一般,捷運,O9,技擊館站,20210622 11:45:00,3,3
一般,捷運,O9,技擊館站,20210622 12:00:00,2,0
一般,捷運,O9,技擊館站,20210622 12:15:00,3,3
一般,捷運,O9,技擊館站,20210622 12:30:00,7,2
一般,捷運,O9,技擊館站,20210622 12:45:00,4,2
一般,捷運,O9,技擊館站,20210622 13:00:00,2,4
一般,捷運,O9,技擊館站,20210622 13:15:00,3,2
一般,捷運,O9,技擊館站,20210622 13:30:00,0,2
一般,捷運,O9,技擊館站,20210622 13:45:00,4,3
一般,捷運,O9,技擊館站,20210622 14:00:00,3,2
一般,捷運,O9,技擊館站,20210622 14:15:00,2,4
一般,捷運,O9,技擊館站,20210622 14:30:00,3,2
一般,捷運,O9,技擊館站,20210622 14:45:00,3,4
一般,捷運,O9,技擊館站,20210622 15:00:00,6,1
一般,捷運,O9,技擊館站,20210622 15:15:00,4,3
一般,捷運,O9,技擊館站,20210622 15:30:00,3,2
一般,捷運,O9,技擊館站,20210622 15:45:00,8,5
一般,捷運,O9,技擊館站,20210622 16:00:00,5,7
一般,捷運,O9,技擊館站,20210622 16:15:00,6,3
一般,捷運,O9,技擊館站,20210622 16:30:00,8,6
一般,捷運,O9,技擊館站,20210622 16:45:00,7,3
一般,捷運,O9,技擊館站,20210622 17:00:00,8,7
一般,捷運,O9,技擊館站,20210622 17:15:00,12,7
一般,捷運,O9,技擊館站,20210622 17:30:00,10,8
一般,捷運,O9,技擊館站,20210622 17:45:00,14,8
一般,捷運,O9,技擊館站,20210622 18:00:00,19,9
一般,捷運,O9,技擊館站,20210622 18:15:00,9,14
一般,捷運,O9,技擊館站,20210622 18:30:00,5,10
一般,捷運,O9,技擊館站,20210622 18:45:00,5,8
一般,捷運,O9,技擊館站,20210622 19:00:00,5,2
一般,捷運,O9,技擊館站,20210622 19:15:00,6,3
一般,捷運,O9,技擊館站,20210622 19:30:00,3,4
一般,捷運,O9,技擊館站,20210622 19:45:00,9,4
一般,捷運,O9,技擊館站,20210622 20:00:00,1,3
一般,捷運,O9,技擊館站,20210622 20:15:00,5,7
一般,捷運,O9,技擊館站,20210622 20:30:00,3,6
一般,捷運,O9,技擊館站,20210622 20:45:00,2,2
一般,捷運,O9,技擊館站,20210622 21:00:00,1,0
一般,捷運,O9,技擊館站,20210622 21:15:00,1,2
一般,捷運,O9,技擊館站,20210622 21:45:00,2,1
一般,捷運,O9,技擊館站,20210622 22:00:00,1,0
一般,捷運,O9,技擊館站,20210622 22:30:00,0,1
一般,捷運,O9,技擊館站,20210622 22:45:00,0,1
一般,捷運,O9,技擊館站,20210622 23:00:00,3,2
一般,捷運,O10,衛武營站,20210622 05:30:00,1,0
一般,捷運,O10,衛武營站,20210622 05:45:00,5,0
一般,捷運,O10,衛武營站,20210622 06:00:00,2,5
一般,捷運,O10,衛武營站,20210622 06:15:00,3,3
一般,捷運,O10,衛武營站,20210622 06:30:00,2,4
一般,捷運,O10,衛武營站,20210622 06:45:00,6,2
一般,捷運,O10,衛武營站,20210622 07:00:00,4,1
一般,捷運,O10,衛武營站,20210622 07:15:00,11,7
一般,捷運,O10,衛武營站,20210622 07:30:00,11,19
一般,捷運,O10,衛武營站,20210622 07:45:00,8,15
一般,捷運,O10,衛武營站,20210622 08:00:00,9,8
一般,捷運,O10,衛武營站,20210622 08:15:00,14,6
一般,捷運,O10,衛武營站,20210622 08:30:00,4,10
一般,捷運,O10,衛武營站,20210622 08:45:00,3,13
一般,捷運,O10,衛武營站,20210622 09:00:00,1,4
一般,捷運,O10,衛武營站,20210622 09:15:00,7,6
一般,捷運,O10,衛武營站,20210622 09:30:00,5,3
一般,捷運,O10,衛武營站,20210622 09:45:00,13,4
一般,捷運,O10,衛武營站,20210622 10:00:00,7,5
一般,捷運,O10,衛武營站,20210622 10:15:00,2,6
一般,捷運,O10,衛武營站,20210622 10:30:00,6,6
一般,捷運,O10,衛武營站,20210622 10:45:00,3,6
一般,捷運,O10,衛武營站,20210622 11:00:00,7,3
一般,捷運,O10,衛武營站,20210622 11:15:00,4,3
一般,捷運,O10,衛武營站,20210622 11:30:00,2,6
一般,捷運,O10,衛武營站,20210622 11:45:00,5,7
一般,捷運,O10,衛武營站,20210622 12:00:00,6,5
一般,捷運,O10,衛武營站,20210622 12:15:00,9,4
一般,捷運,O10,衛武營站,20210622 12:30:00,6,1
一般,捷運,O10,衛武營站,20210622 12:45:00,5,5
一般,捷運,O10,衛武營站,20210622 13:00:00,1,1
一般,捷運,O10,衛武營站,20210622 13:15:00,2,3
一般,捷運,O10,衛武營站,20210622 13:30:00,6,5
一般,捷運,O10,衛武營站,20210622 13:45:00,5,2
一般,捷運,O10,衛武營站,20210622 14:00:00,4,11
一般,捷運,O10,衛武營站,20210622 14:15:00,3,5
一般,捷運,O10,衛武營站,20210622 14:30:00,3,6
一般,捷運,O10,衛武營站,20210622 14:45:00,9,5
一般,捷運,O10,衛武營站,20210622 15:00:00,3,6
一般,捷運,O10,衛武營站,20210622 15:15:00,6,3
一般,捷運,O10,衛武營站,20210622 15:30:00,7,3
一般,捷運,O10,衛武營站,20210622 15:45:00,2,5
一般,捷運,O10,衛武營站,20210622 16:00:00,8,5
一般,捷運,O10,衛武營站,20210622 16:15:00,15,4
一般,捷運,O10,衛武營站,20210622 16:30:00,9,4
一般,捷運,O10,衛武營站,20210622 16:45:00,7,4
一般,捷運,O10,衛武營站,20210622 17:00:00,18,6
一般,捷運,O10,衛武營站,20210622 17:15:00,15,4
一般,捷運,O10,衛武營站,20210622 17:30:00,7,8
一般,捷運,O10,衛武營站,20210622 17:45:00,6,14
一般,捷運,O10,衛武營站,20210622 18:00:00,11,6
一般,捷運,O10,衛武營站,20210622 18:15:00,5,11
一般,捷運,O10,衛武營站,20210622 18:30:00,5,14
一般,捷運,O10,衛武營站,20210622 18:45:00,2,4
一般,捷運,O10,衛武營站,20210622 19:00:00,3,8
一般,捷運,O10,衛武營站,20210622 19:15:00,6,5
一般,捷運,O10,衛武營站,20210622 19:30:00,1,4
一般,捷運,O10,衛武營站,20210622 19:45:00,1,0
一般,捷運,O10,衛武營站,20210622 20:00:00,0,4
一般,捷運,O10,衛武營站,20210622 20:15:00,1,6
一般,捷運,O10,衛武營站,20210622 20:30:00,3,4
一般,捷運,O10,衛武營站,20210622 20:45:00,2,1
一般,捷運,O10,衛武營站,20210622 21:00:00,0,2
一般,捷運,O10,衛武營站,20210622 21:15:00,0,3
一般,捷運,O10,衛武營站,20210622 21:30:00,1,1
一般,捷運,O10,衛武營站,20210622 22:00:00,0,1
一般,捷運,O10,衛武營站,20210622 22:15:00,1,0
一般,捷運,O10,衛武營站,20210622 22:30:00,1,0
一般,捷運,O10,衛武營站,20210622 22:45:00,1,0
一般,捷運,O10,衛武營站,20210622 23:00:00,2,1
一般,捷運,O11,鳳山西站,20210622 06:00:00,8,1
一般,捷運,O11,鳳山西站,20210622 06:15:00,5,2
一般,捷運,O11,鳳山西站,20210622 06:30:00,17,2
一般,捷運,O11,鳳山西站,20210622 06:45:00,14,2
一般,捷運,O11,鳳山西站,20210622 07:00:00,22,5
一般,捷運,O11,鳳山西站,20210622 07:15:00,26,4
一般,捷運,O11,鳳山西站,20210622 07:30:00,12,7
一般,捷運,O11,鳳山西站,20210622 07:45:00,26,9
一般,捷運,O11,鳳山西站,20210622 08:00:00,22,13
一般,捷運,O11,鳳山西站,20210622 08:15:00,13,4
一般,捷運,O11,鳳山西站,20210622 08:30:00,11,14
一般,捷運,O11,鳳山西站,20210622 08:45:00,8,1
一般,捷運,O11,鳳山西站,20210622 09:00:00,6,5
一般,捷運,O11,鳳山西站,20210622 09:15:00,5,0
一般,捷運,O11,鳳山西站,20210622 09:30:00,3,5
一般,捷運,O11,鳳山西站,20210622 09:45:00,4,1
一般,捷運,O11,鳳山西站,20210622 10:00:00,2,3
一般,捷運,O11,鳳山西站,20210622 10:15:00,4,2
一般,捷運,O11,鳳山西站,20210622 10:30:00,8,2
一般,捷運,O11,鳳山西站,20210622 10:45:00,4,5
一般,捷運,O11,鳳山西站,20210622 11:00:00,3,4
一般,捷運,O11,鳳山西站,20210622 11:15:00,1,2
一般,捷運,O11,鳳山西站,20210622 11:30:00,2,2
一般,捷運,O11,鳳山西站,20210622 11:45:00,2,3
一般,捷運,O11,鳳山西站,20210622 12:00:00,2,5
一般,捷運,O11,鳳山西站,20210622 12:15:00,7,2
一般,捷運,O11,鳳山西站,20210622 12:30:00,1,6
一般,捷運,O11,鳳山西站,20210622 12:45:00,2,1
一般,捷運,O11,鳳山西站,20210622 13:00:00,1,5
一般,捷運,O11,鳳山西站,20210622 13:15:00,5,3
一般,捷運,O11,鳳山西站,20210622 13:30:00,1,4
一般,捷運,O11,鳳山西站,20210622 13:45:00,4,1
一般,捷運,O11,鳳山西站,20210622 14:00:00,2,4
一般,捷運,O11,鳳山西站,20210622 14:15:00,2,1
一般,捷運,O11,鳳山西站,20210622 14:30:00,0,4
一般,捷運,O11,鳳山西站,20210622 14:45:00,3,1
一般,捷運,O11,鳳山西站,20210622 15:00:00,0,3
一般,捷運,O11,鳳山西站,20210622 15:15:00,5,2
一般,捷運,O11,鳳山西站,20210622 15:30:00,2,8
一般,捷運,O11,鳳山西站,20210622 15:45:00,2,3
一般,捷運,O11,鳳山西站,20210622 16:00:00,3,6
一般,捷運,O11,鳳山西站,20210622 16:15:00,2,3
一般,捷運,O11,鳳山西站,20210622 16:30:00,7,4
一般,捷運,O11,鳳山西站,20210622 16:45:00,2,5
一般,捷運,O11,鳳山西站,20210622 17:00:00,9,6
一般,捷運,O11,鳳山西站,20210622 17:15:00,6,11
一般,捷運,O11,鳳山西站,20210622 17:30:00,5,19
一般,捷運,O11,鳳山西站,20210622 17:45:00,12,24
一般,捷運,O11,鳳山西站,20210622 18:00:00,3,24
一般,捷運,O11,鳳山西站,20210622 18:15:00,13,27
一般,捷運,O11,鳳山西站,20210622 18:30:00,7,18
一般,捷運,O11,鳳山西站,20210622 18:45:00,3,19
一般,捷運,O11,鳳山西站,20210622 19:00:00,3,7
一般,捷運,O11,鳳山西站,20210622 19:15:00,5,4
一般,捷運,O11,鳳山西站,20210622 19:30:00,0,14
一般,捷運,O11,鳳山西站,20210622 19:45:00,6,4
一般,捷運,O11,鳳山西站,20210622 20:00:00,1,11
一般,捷運,O11,鳳山西站,20210622 20:15:00,1,1
一般,捷運,O11,鳳山西站,20210622 20:30:00,2,16
一般,捷運,O11,鳳山西站,20210622 20:45:00,1,3
一般,捷運,O11,鳳山西站,20210622 21:00:00,5,8
一般,捷運,O11,鳳山西站,20210622 21:15:00,1,2
一般,捷運,O11,鳳山西站,20210622 21:30:00,1,2
一般,捷運,O11,鳳山西站,20210622 21:45:00,0,2
一般,捷運,O11,鳳山西站,20210622 22:00:00,0,4
一般,捷運,O11,鳳山西站,20210622 22:15:00,0,2
一般,捷運,O11,鳳山西站,20210622 22:30:00,2,7
一般,捷運,O11,鳳山西站,20210622 22:45:00,0,1
一般,捷運,O11,鳳山西站,20210622 23:00:00,0,1
一般,捷運,O12,鳳山站,20210622 05:45:00,1,0
一般,捷運,O12,鳳山站,20210622 06:00:00,3,0
一般,捷運,O12,鳳山站,20210622 06:15:00,3,1
一般,捷運,O12,鳳山站,20210622 06:30:00,7,2
一般,捷運,O12,鳳山站,20210622 06:45:00,9,1
一般,捷運,O12,鳳山站,20210622 07:00:00,12,1
一般,捷運,O12,鳳山站,20210622 07:15:00,14,1
一般,捷運,O12,鳳山站,20210622 07:30:00,15,5
一般,捷運,O12,鳳山站,20210622 07:45:00,17,8
一般,捷運,O12,鳳山站,20210622 08:00:00,18,3
一般,捷運,O12,鳳山站,20210622 08:15:00,12,7
一般,捷運,O12,鳳山站,20210622 08:30:00,12,5
一般,捷運,O12,鳳山站,20210622 08:45:00,12,2
一般,捷運,O12,鳳山站,20210622 09:00:00,8,9
一般,捷運,O12,鳳山站,20210622 09:15:00,1,6
一般,捷運,O12,鳳山站,20210622 09:30:00,5,4
一般,捷運,O12,鳳山站,20210622 09:45:00,4,3
一般,捷運,O12,鳳山站,20210622 10:00:00,5,6
一般,捷運,O12,鳳山站,20210622 10:15:00,2,1
一般,捷運,O12,鳳山站,20210622 10:30:00,3,2
一般,捷運,O12,鳳山站,20210622 10:45:00,2,3
一般,捷運,O12,鳳山站,20210622 11:00:00,1,5
一般,捷運,O12,鳳山站,20210622 11:15:00,1,6
一般,捷運,O12,鳳山站,20210622 11:30:00,3,6
一般,捷運,O12,鳳山站,20210622 11:45:00,4,6
一般,捷運,O12,鳳山站,20210622 12:00:00,6,4
一般,捷運,O12,鳳山站,20210622 12:15:00,5,1
一般,捷運,O12,鳳山站,20210622 12:30:00,3,4
一般,捷運,O12,鳳山站,20210622 12:45:00,2,4
一般,捷運,O12,鳳山站,20210622 13:00:00,2,3
一般,捷運,O12,鳳山站,20210622 13:15:00,2,0
一般,捷運,O12,鳳山站,20210622 13:30:00,1,2
一般,捷運,O12,鳳山站,20210622 13:45:00,3,0
一般,捷運,O12,鳳山站,20210622 14:00:00,7,3
一般,捷運,O12,鳳山站,20210622 14:15:00,5,1
一般,捷運,O12,鳳山站,20210622 14:30:00,2,6
一般,捷運,O12,鳳山站,20210622 14:45:00,6,4
一般,捷運,O12,鳳山站,20210622 15:00:00,1,0
一般,捷運,O12,鳳山站,20210622 15:15:00,2,0
一般,捷運,O12,鳳山站,20210622 15:30:00,4,6
一般,捷運,O12,鳳山站,20210622 15:45:00,2,6
一般,捷運,O12,鳳山站,20210622 16:00:00,6,3
一般,捷運,O12,鳳山站,20210622 16:15:00,3,1
一般,捷運,O12,鳳山站,20210622 16:30:00,6,3
一般,捷運,O12,鳳山站,20210622 16:45:00,4,4
一般,捷運,O12,鳳山站,20210622 17:00:00,6,11
一般,捷運,O12,鳳山站,20210622 17:15:00,5,5
一般,捷運,O12,鳳山站,20210622 17:30:00,4,11
一般,捷運,O12,鳳山站,20210622 17:45:00,4,23
一般,捷運,O12,鳳山站,20210622 18:00:00,8,16
一般,捷運,O12,鳳山站,20210622 18:15:00,8,18
一般,捷運,O12,鳳山站,20210622 18:30:00,2,8
一般,捷運,O12,鳳山站,20210622 18:45:00,0,17
一般,捷運,O12,鳳山站,20210622 19:00:00,5,7
一般,捷運,O12,鳳山站,20210622 19:15:00,0,6
一般,捷運,O12,鳳山站,20210622 19:30:00,0,6
一般,捷運,O12,鳳山站,20210622 19:45:00,1,5
一般,捷運,O12,鳳山站,20210622 20:00:00,1,7
一般,捷運,O12,鳳山站,20210622 20:15:00,0,3
一般,捷運,O12,鳳山站,20210622 20:30:00,3,2
一般,捷運,O12,鳳山站,20210622 20:45:00,0,4
一般,捷運,O12,鳳山站,20210622 21:00:00,2,6
一般,捷運,O12,鳳山站,20210622 21:15:00,5,2
一般,捷運,O12,鳳山站,20210622 21:30:00,0,1
一般,捷運,O12,鳳山站,20210622 21:45:00,1,2
一般,捷運,O12,鳳山站,20210622 22:00:00,1,1
一般,捷運,O12,鳳山站,20210622 22:15:00,1,1
一般,捷運,O12,鳳山站,20210622 22:30:00,1,1
一般,捷運,O12,鳳山站,20210622 22:45:00,0,1
一般,捷運,O12,鳳山站,20210622 23:00:00,0,1
一般,捷運,O12,鳳山站,20210622 23:15:00,0,1
一般,捷運,O13,大東站,20210622 04:00:00,1,1
一般,捷運,O13,大東站,20210622 05:45:00,4,0
一般,捷運,O13,大東站,20210622 06:00:00,0,2
一般,捷運,O13,大東站,20210622 06:15:00,5,0
一般,捷運,O13,大東站,20210622 06:30:00,7,1
一般,捷運,O13,大東站,20210622 06:45:00,5,2
一般,捷運,O13,大東站,20210622 07:00:00,7,3
一般,捷運,O13,大東站,20210622 07:15:00,15,2
一般,捷運,O13,大東站,20210622 07:30:00,21,4
一般,捷運,O13,大東站,20210622 07:45:00,16,13
一般,捷運,O13,大東站,20210622 08:00:00,9,5
一般,捷運,O13,大東站,20210622 08:15:00,12,7
一般,捷運,O13,大東站,20210622 08:30:00,5,4
一般,捷運,O13,大東站,20210622 08:45:00,3,13
一般,捷運,O13,大東站,20210622 09:00:00,4,1
一般,捷運,O13,大東站,20210622 09:15:00,3,5
一般,捷運,O13,大東站,20210622 09:30:00,5,4
一般,捷運,O13,大東站,20210622 09:45:00,5,6
一般,捷運,O13,大東站,20210622 10:00:00,6,2
一般,捷運,O13,大東站,20210622 10:15:00,4,1
一般,捷運,O13,大東站,20210622 10:30:00,6,6
一般,捷運,O13,大東站,20210622 10:45:00,6,2
一般,捷運,O13,大東站,20210622 11:00:00,3,1
一般,捷運,O13,大東站,20210622 11:15:00,1,3
一般,捷運,O13,大東站,20210622 11:30:00,1,2
一般,捷運,O13,大東站,20210622 11:45:00,1,3
一般,捷運,O13,大東站,20210622 12:00:00,4,3
一般,捷運,O13,大東站,20210622 12:15:00,9,7
一般,捷運,O13,大東站,20210622 12:30:00,4,0
一般,捷運,O13,大東站,20210622 12:45:00,1,4
一般,捷運,O13,大東站,20210622 13:00:00,1,1
一般,捷運,O13,大東站,20210622 13:15:00,0,6
一般,捷運,O13,大東站,20210622 13:30:00,2,2
一般,捷運,O13,大東站,20210622 13:45:00,3,6
一般,捷運,O13,大東站,20210622 14:00:00,5,7
一般,捷運,O13,大東站,20210622 14:15:00,4,0
一般,捷運,O13,大東站,20210622 14:30:00,1,1
一般,捷運,O13,大東站,20210622 14:45:00,2,2
一般,捷運,O13,大東站,20210622 15:00:00,2,2
一般,捷運,O13,大東站,20210622 15:15:00,6,3
一般,捷運,O13,大東站,20210622 15:30:00,3,3
一般,捷運,O13,大東站,20210622 15:45:00,5,2
一般,捷運,O13,大東站,20210622 16:00:00,1,1
一般,捷運,O13,大東站,20210622 16:15:00,6,7
一般,捷運,O13,大東站,20210622 16:30:00,2,5
一般,捷運,O13,大東站,20210622 16:45:00,7,2
一般,捷運,O13,大東站,20210622 17:00:00,9,9
一般,捷運,O13,大東站,20210622 17:15:00,4,5
一般,捷運,O13,大東站,20210622 17:30:00,4,13
一般,捷運,O13,大東站,20210622 17:45:00,8,12
一般,捷運,O13,大東站,20210622 18:00:00,10,9
一般,捷運,O13,大東站,20210622 18:15:00,4,15
一般,捷運,O13,大東站,20210622 18:30:00,6,9
一般,捷運,O13,大東站,20210622 18:45:00,2,11
一般,捷運,O13,大東站,20210622 19:00:00,2,5
一般,捷運,O13,大東站,20210622 19:15:00,3,1
一般,捷運,O13,大東站,20210622 19:30:00,7,6
一般,捷運,O13,大東站,20210622 19:45:00,1,0
一般,捷運,O13,大東站,20210622 20:00:00,1,7
一般,捷運,O13,大東站,20210622 20:15:00,0,3
一般,捷運,O13,大東站,20210622 20:30:00,1,8
一般,捷運,O13,大東站,20210622 20:45:00,2,1
一般,捷運,O13,大東站,20210622 21:00:00,2,2
一般,捷運,O13,大東站,20210622 21:15:00,2,1
一般,捷運,O13,大東站,20210622 21:30:00,1,2
一般,捷運,O13,大東站,20210622 22:00:00,2,2
一般,捷運,O13,大東站,20210622 22:15:00,1,1
一般,捷運,O13,大東站,20210622 22:30:00,0,2
一般,捷運,O13,大東站,20210622 23:00:00,2,0
一般,捷運,O14,鳳山國中站,20210622 05:30:00,2,0
一般,捷運,O14,鳳山國中站,20210622 05:45:00,3,0
一般,捷運,O14,鳳山國中站,20210622 06:00:00,6,0
一般,捷運,O14,鳳山國中站,20210622 06:15:00,17,0
一般,捷運,O14,鳳山國中站,20210622 06:30:00,9,4
一般,捷運,O14,鳳山國中站,20210622 06:45:00,17,1
一般,捷運,O14,鳳山國中站,20210622 07:00:00,15,3
一般,捷運,O14,鳳山國中站,20210622 07:15:00,25,5
一般,捷運,O14,鳳山國中站,20210622 07:30:00,25,2
一般,捷運,O14,鳳山國中站,20210622 07:45:00,20,4
一般,捷運,O14,鳳山國中站,20210622 08:00:00,16,6
一般,捷運,O14,鳳山國中站,20210622 08:15:00,17,6
一般,捷運,O14,鳳山國中站,20210622 08:30:00,8,4
一般,捷運,O14,鳳山國中站,20210622 08:45:00,3,3
一般,捷運,O14,鳳山國中站,20210622 09:00:00,9,3
一般,捷運,O14,鳳山國中站,20210622 09:15:00,4,4
一般,捷運,O14,鳳山國中站,20210622 09:30:00,3,3
一般,捷運,O14,鳳山國中站,20210622 09:45:00,5,7
一般,捷運,O14,鳳山國中站,20210622 10:00:00,3,3
一般,捷運,O14,鳳山國中站,20210622 10:15:00,12,4
一般,捷運,O14,鳳山國中站,20210622 10:30:00,4,1
一般,捷運,O14,鳳山國中站,20210622 10:45:00,5,3
一般,捷運,O14,鳳山國中站,20210622 11:00:00,4,1
一般,捷運,O14,鳳山國中站,20210622 11:15:00,4,3
一般,捷運,O14,鳳山國中站,20210622 11:30:00,3,1
一般,捷運,O14,鳳山國中站,20210622 11:45:00,1,4
一般,捷運,O14,鳳山國中站,20210622 12:00:00,2,2
一般,捷運,O14,鳳山國中站,20210622 12:15:00,2,7
一般,捷運,O14,鳳山國中站,20210622 12:30:00,0,2
一般,捷運,O14,鳳山國中站,20210622 12:45:00,3,2
一般,捷運,O14,鳳山國中站,20210622 13:00:00,3,1
一般,捷運,O14,鳳山國中站,20210622 13:15:00,0,4
一般,捷運,O14,鳳山國中站,20210622 13:30:00,5,1
一般,捷運,O14,鳳山國中站,20210622 13:45:00,1,2
一般,捷運,O14,鳳山國中站,20210622 14:00:00,3,1
一般,捷運,O14,鳳山國中站,20210622 14:15:00,9,1
一般,捷運,O14,鳳山國中站,20210622 14:30:00,5,1
一般,捷運,O14,鳳山國中站,20210622 14:45:00,2,2
一般,捷運,O14,鳳山國中站,20210622 15:00:00,6,5
一般,捷運,O14,鳳山國中站,20210622 15:15:00,3,4
一般,捷運,O14,鳳山國中站,20210622 15:30:00,2,1
一般,捷運,O14,鳳山國中站,20210622 15:45:00,3,4
一般,捷運,O14,鳳山國中站,20210622 16:00:00,2,3
一般,捷運,O14,鳳山國中站,20210622 16:15:00,2,11
一般,捷運,O14,鳳山國中站,20210622 16:30:00,2,7
一般,捷運,O14,鳳山國中站,20210622 16:45:00,1,9
一般,捷運,O14,鳳山國中站,20210622 17:00:00,8,11
一般,捷運,O14,鳳山國中站,20210622 17:15:00,11,23
一般,捷運,O14,鳳山國中站,20210622 17:30:00,3,28
一般,捷運,O14,鳳山國中站,20210622 17:45:00,5,11
一般,捷運,O14,鳳山國中站,20210622 18:00:00,7,15
一般,捷運,O14,鳳山國中站,20210622 18:15:00,4,15
一般,捷運,O14,鳳山國中站,20210622 18:30:00,4,12
一般,捷運,O14,鳳山國中站,20210622 18:45:00,2,13
一般,捷運,O14,鳳山國中站,20210622 19:00:00,2,10
一般,捷運,O14,鳳山國中站,20210622 19:15:00,2,9
一般,捷運,O14,鳳山國中站,20210622 19:30:00,4,1
一般,捷運,O14,鳳山國中站,20210622 19:45:00,1,9
一般,捷運,O14,鳳山國中站,20210622 20:00:00,1,11
一般,捷運,O14,鳳山國中站,20210622 20:15:00,0,3
一般,捷運,O14,鳳山國中站,20210622 20:30:00,1,6
一般,捷運,O14,鳳山國中站,20210622 20:45:00,0,8
一般,捷運,O14,鳳山國中站,20210622 21:00:00,5,3
一般,捷運,O14,鳳山國中站,20210622 21:15:00,1,2
一般,捷運,O14,鳳山國中站,20210622 21:30:00,1,1
一般,捷運,O14,鳳山國中站,20210622 21:45:00,0,3
一般,捷運,O14,鳳山國中站,20210622 22:00:00,2,1
一般,捷運,O14,鳳山國中站,20210622 22:15:00,0,1
一般,捷運,O14,鳳山國中站,20210622 22:30:00,2,0
一般,捷運,O14,鳳山國中站,20210622 22:45:00,1,2
一般,捷運,O14,鳳山國中站,20210622 23:00:00,0,1
一般,捷運,O14,鳳山國中站,20210622 23:15:00,0,1
一般,捷運,OT1,大寮站,20210622 05:30:00,3,0
一般,捷運,OT1,大寮站,20210622 05:45:00,7,0
一般,捷運,OT1,大寮站,20210622 06:00:00,5,0
一般,捷運,OT1,大寮站,20210622 06:15:00,11,1
一般,捷運,OT1,大寮站,20210622 06:30:00,17,1
一般,捷運,OT1,大寮站,20210622 06:45:00,25,6
一般,捷運,OT1,大寮站,20210622 07:00:00,24,7
一般,捷運,OT1,大寮站,20210622 07:15:00,33,18
一般,捷運,OT1,大寮站,20210622 07:30:00,52,24
一般,捷運,OT1,大寮站,20210622 07:45:00,68,19
一般,捷運,OT1,大寮站,20210622 08:00:00,28,19
一般,捷運,OT1,大寮站,20210622 08:15:00,23,6
一般,捷運,OT1,大寮站,20210622 08:30:00,14,9
一般,捷運,OT1,大寮站,20210622 08:45:00,9,10
一般,捷運,OT1,大寮站,20210622 09:00:00,11,9
一般,捷運,OT1,大寮站,20210622 09:15:00,11,4
一般,捷運,OT1,大寮站,20210622 09:30:00,10,2
一般,捷運,OT1,大寮站,20210622 09:45:00,3,4
一般,捷運,OT1,大寮站,20210622 10:00:00,4,8
一般,捷運,OT1,大寮站,20210622 10:15:00,7,2
一般,捷運,OT1,大寮站,20210622 10:30:00,7,11
一般,捷運,OT1,大寮站,20210622 10:45:00,5,2
一般,捷運,OT1,大寮站,20210622 11:00:00,6,2
一般,捷運,OT1,大寮站,20210622 11:15:00,4,5
一般,捷運,OT1,大寮站,20210622 11:30:00,4,7
一般,捷運,OT1,大寮站,20210622 11:45:00,0,3
一般,捷運,OT1,大寮站,20210622 12:00:00,3,2
一般,捷運,OT1,大寮站,20210622 12:15:00,4,2
一般,捷運,OT1,大寮站,20210622 12:30:00,3,10
一般,捷運,OT1,大寮站,20210622 12:45:00,1,3
一般,捷運,OT1,大寮站,20210622 13:00:00,3,3
一般,捷運,OT1,大寮站,20210622 13:15:00,4,3
一般,捷運,OT1,大寮站,20210622 13:30:00,8,5
一般,捷運,OT1,大寮站,20210622 13:45:00,8,5
一般,捷運,OT1,大寮站,20210622 14:00:00,4,4
一般,捷運,OT1,大寮站,20210622 14:15:00,3,1
一般,捷運,OT1,大寮站,20210622 14:30:00,2,5
一般,捷運,OT1,大寮站,20210622 14:45:00,3,2
一般,捷運,OT1,大寮站,20210622 15:00:00,6,6
一般,捷運,OT1,大寮站,20210622 15:15:00,5,3
一般,捷運,OT1,大寮站,20210622 15:30:00,5,3
一般,捷運,OT1,大寮站,20210622 15:45:00,2,1
一般,捷運,OT1,大寮站,20210622 16:00:00,6,4
一般,捷運,OT1,大寮站,20210622 16:15:00,5,5
一般,捷運,OT1,大寮站,20210622 16:30:00,4,8
一般,捷運,OT1,大寮站,20210622 16:45:00,5,3
一般,捷運,OT1,大寮站,20210622 17:00:00,10,10
一般,捷運,OT1,大寮站,20210622 17:15:00,9,15
一般,捷運,OT1,大寮站,20210622 17:30:00,10,25
一般,捷運,OT1,大寮站,20210622 17:45:00,18,28
一般,捷運,OT1,大寮站,20210622 18:00:00,11,45
一般,捷運,OT1,大寮站,20210622 18:15:00,14,19
一般,捷運,OT1,大寮站,20210622 18:30:00,6,33
一般,捷運,OT1,大寮站,20210622 18:45:00,4,28
一般,捷運,OT1,大寮站,20210622 19:00:00,7,25
一般,捷運,OT1,大寮站,20210622 19:15:00,2,12
一般,捷運,OT1,大寮站,20210622 19:30:00,6,11
一般,捷運,OT1,大寮站,20210622 19:45:00,2,22
一般,捷運,OT1,大寮站,20210622 20:00:00,3,6
一般,捷運,OT1,大寮站,20210622 20:15:00,3,5
一般,捷運,OT1,大寮站,20210622 20:30:00,2,13
一般,捷運,OT1,大寮站,20210622 20:45:00,0,13
一般,捷運,OT1,大寮站,20210622 21:00:00,0,6
一般,捷運,OT1,大寮站,20210622 21:15:00,3,3
一般,捷運,OT1,大寮站,20210622 21:30:00,1,9
一般,捷運,OT1,大寮站,20210622 21:45:00,4,6
一般,捷運,OT1,大寮站,20210622 22:00:00,0,2
一般,捷運,OT1,大寮站,20210622 22:15:00,2,6
一般,捷運,OT1,大寮站,20210622 22:30:00,1,3
一般,捷運,OT1,大寮站,20210622 22:45:00,0,1
一般,捷運,OT1,大寮站,20210622 23:00:00,0,1
一般,捷運,OT1,大寮站,20210622 23:15:00,0,2
一般,捷運,R22,青埔站,20210622 06:00:00,3,0
一般,捷運,R22,青埔站,20210622 06:15:00,6,2
一般,捷運,R22,青埔站,20210622 06:30:00,10,2
一般,捷運,R22,青埔站,20210622 06:45:00,12,1
一般,捷運,R22,青埔站,20210622 07:00:00,18,2
一般,捷運,R22,青埔站,20210622 07:15:00,16,3
一般,捷運,R22,青埔站,20210622 07:30:00,9,6
一般,捷運,R22,青埔站,20210622 07:45:00,22,10
一般,捷運,R22,青埔站,20210622 08:00:00,10,8
一般,捷運,R22,青埔站,20210622 08:15:00,9,4
一般,捷運,R22,青埔站,20210622 08:30:00,9,3
一般,捷運,R22,青埔站,20210622 08:45:00,5,3
一般,捷運,R22,青埔站,20210622 09:00:00,5,7
一般,捷運,R22,青埔站,20210622 09:15:00,2,1
一般,捷運,R22,青埔站,20210622 09:30:00,4,2
一般,捷運,R22,青埔站,20210622 09:45:00,2,3
一般,捷運,R22,青埔站,20210622 10:00:00,1,3
一般,捷運,R22,青埔站,20210622 10:15:00,5,2
一般,捷運,R22,青埔站,20210622 10:30:00,2,1
一般,捷運,R22,青埔站,20210622 10:45:00,7,2
一般,捷運,R22,青埔站,20210622 11:00:00,4,1
一般,捷運,R22,青埔站,20210622 11:15:00,2,3
一般,捷運,R22,青埔站,20210622 11:30:00,1,2
一般,捷運,R22,青埔站,20210622 11:45:00,2,0
一般,捷運,R22,青埔站,20210622 12:00:00,1,1
一般,捷運,R22,青埔站,20210622 12:15:00,4,0
一般,捷運,R22,青埔站,20210622 12:30:00,3,2
一般,捷運,R22,青埔站,20210622 12:45:00,1,1
一般,捷運,R22,青埔站,20210622 13:00:00,1,0
一般,捷運,R22,青埔站,20210622 13:15:00,0,1
一般,捷運,R22,青埔站,20210622 13:30:00,1,2
一般,捷運,R22,青埔站,20210622 13:45:00,1,0
一般,捷運,R22,青埔站,20210622 14:00:00,4,4
一般,捷運,R22,青埔站,20210622 14:15:00,2,2
一般,捷運,R22,青埔站,20210622 14:30:00,4,0
一般,捷運,R22,青埔站,20210622 14:45:00,0,2
一般,捷運,R22,青埔站,20210622 15:00:00,3,3
一般,捷運,R22,青埔站,20210622 15:15:00,2,0
一般,捷運,R22,青埔站,20210622 15:30:00,2,6
一般,捷運,R22,青埔站,20210622 15:45:00,2,3
一般,捷運,R22,青埔站,20210622 16:00:00,1,3
一般,捷運,R22,青埔站,20210622 16:15:00,4,1
一般,捷運,R22,青埔站,20210622 16:30:00,4,1
一般,捷運,R22,青埔站,20210622 16:45:00,3,1
一般,捷運,R22,青埔站,20210622 17:00:00,3,3
一般,捷運,R22,青埔站,20210622 17:15:00,5,5
一般,捷運,R22,青埔站,20210622 17:30:00,8,13
一般,捷運,R22,青埔站,20210622 17:45:00,12,17
一般,捷運,R22,青埔站,20210622 18:00:00,4,7
一般,捷運,R22,青埔站,20210622 18:15:00,6,25
一般,捷運,R22,青埔站,20210622 18:30:00,3,16
一般,捷運,R22,青埔站,20210622 18:45:00,3,18
一般,捷運,R22,青埔站,20210622 19:00:00,3,14
一般,捷運,R22,青埔站,20210622 19:15:00,4,9
一般,捷運,R22,青埔站,20210622 19:30:00,1,1
一般,捷運,R22,青埔站,20210622 19:45:00,1,7
一般,捷運,R22,青埔站,20210622 20:00:00,1,5
一般,捷運,R22,青埔站,20210622 20:15:00,2,0
一般,捷運,R22,青埔站,20210622 20:30:00,0,5
一般,捷運,R22,青埔站,20210622 20:45:00,0,2
一般,捷運,R22,青埔站,20210622 21:00:00,0,4
一般,捷運,R22,青埔站,20210622 21:30:00,0,5
一般,捷運,R22,青埔站,20210622 21:45:00,1,2
一般,捷運,R22,青埔站,20210622 22:00:00,1,4
一般,捷運,R22,青埔站,20210622 22:15:00,1,0
一般,捷運,R22,青埔站,20210622 22:45:00,2,3
一般,捷運,R22,青埔站,20210622 23:15:00,0,1
一般,捷運,R22,青埔站,20210622 23:45:00,0,1
一般,捷運,R21,都會公園站,20210622 05:45:00,5,0
一般,捷運,R21,都會公園站,20210622 06:00:00,14,0
一般,捷運,R21,都會公園站,20210622 06:15:00,15,5
一般,捷運,R21,都會公園站,20210622 06:30:00,15,10
一般,捷運,R21,都會公園站,20210622 06:45:00,28,4
一般,捷運,R21,都會公園站,20210622 07:00:00,34,7
一般,捷運,R21,都會公園站,20210622 07:15:00,39,21
一般,捷運,R21,都會公園站,20210622 07:30:00,53,27
一般,捷運,R21,都會公園站,20210622 07:45:00,42,32
一般,捷運,R21,都會公園站,20210622 08:00:00,36,21
一般,捷運,R21,都會公園站,20210622 08:15:00,19,8
一般,捷運,R21,都會公園站,20210622 08:30:00,14,6
一般,捷運,R21,都會公園站,20210622 08:45:00,9,2
一般,捷運,R21,都會公園站,20210622 09:00:00,12,6
一般,捷運,R21,都會公園站,20210622 09:15:00,9,2
一般,捷運,R21,都會公園站,20210622 09:30:00,7,6
一般,捷運,R21,都會公園站,20210622 09:45:00,9,5
一般,捷運,R21,都會公園站,20210622 10:00:00,7,3
一般,捷運,R21,都會公園站,20210622 10:15:00,13,3
一般,捷運,R21,都會公園站,20210622 10:30:00,7,3
一般,捷運,R21,都會公園站,20210622 10:45:00,12,2
一般,捷運,R21,都會公園站,20210622 11:00:00,7,3
一般,捷運,R21,都會公園站,20210622 11:15:00,8,5
一般,捷運,R21,都會公園站,20210622 11:30:00,7,3
一般,捷運,R21,都會公園站,20210622 11:45:00,7,4
一般,捷運,R21,都會公園站,20210622 12:00:00,4,7
一般,捷運,R21,都會公園站,20210622 12:15:00,1,1
一般,捷運,R21,都會公園站,20210622 12:30:00,7,9
一般,捷運,R21,都會公園站,20210622 12:45:00,4,2
一般,捷運,R21,都會公園站,20210622 13:00:00,8,5
一般,捷運,R21,都會公園站,20210622 13:15:00,5,3
一般,捷運,R21,都會公園站,20210622 13:30:00,10,3
一般,捷運,R21,都會公園站,20210622 13:45:00,5,3
一般,捷運,R21,都會公園站,20210622 14:00:00,6,4
一般,捷運,R21,都會公園站,20210622 14:15:00,5,0
一般,捷運,R21,都會公園站,20210622 14:30:00,6,3
一般,捷運,R21,都會公園站,20210622 14:45:00,6,4
一般,捷運,R21,都會公園站,20210622 15:00:00,2,4
一般,捷運,R21,都會公園站,20210622 15:15:00,4,1
一般,捷運,R21,都會公園站,20210622 15:30:00,2,5
一般,捷運,R21,都會公園站,20210622 15:45:00,6,6
一般,捷運,R21,都會公園站,20210622 16:00:00,4,9
一般,捷運,R21,都會公園站,20210622 16:15:00,8,6
一般,捷運,R21,都會公園站,20210622 16:30:00,7,18
一般,捷運,R21,都會公園站,20210622 16:45:00,13,7
一般,捷運,R21,都會公園站,20210622 17:00:00,31,9
一般,捷運,R21,都會公園站,20210622 17:15:00,27,18
一般,捷運,R21,都會公園站,20210622 17:30:00,32,26
一般,捷運,R21,都會公園站,20210622 17:45:00,24,33
一般,捷運,R21,都會公園站,20210622 18:00:00,16,39
一般,捷運,R21,都會公園站,20210622 18:15:00,14,28
一般,捷運,R21,都會公園站,20210622 18:30:00,9,35
一般,捷運,R21,都會公園站,20210622 18:45:00,9,37
一般,捷運,R21,都會公園站,20210622 19:00:00,11,20
一般,捷運,R21,都會公園站,20210622 19:15:00,3,23
一般,捷運,R21,都會公園站,20210622 19:30:00,2,14
一般,捷運,R21,都會公園站,20210622 19:45:00,1,20
一般,捷運,R21,都會公園站,20210622 20:00:00,6,15
一般,捷運,R21,都會公園站,20210622 20:15:00,0,15
一般,捷運,R21,都會公園站,20210622 20:30:00,1,14
一般,捷運,R21,都會公園站,20210622 20:45:00,1,19
一般,捷運,R21,都會公園站,20210622 21:00:00,1,13
一般,捷運,R21,都會公園站,20210622 21:15:00,4,14
一般,捷運,R21,都會公園站,20210622 21:30:00,8,5
一般,捷運,R21,都會公園站,20210622 21:45:00,1,12
一般,捷運,R21,都會公園站,20210622 22:00:00,3,3
一般,捷運,R21,都會公園站,20210622 22:15:00,1,4
一般,捷運,R21,都會公園站,20210622 22:30:00,3,7
一般,捷運,R21,都會公園站,20210622 22:45:00,1,2
一般,捷運,R21,都會公園站,20210622 23:00:00,5,4
一般,捷運,R21,都會公園站,20210622 23:15:00,2,2
一般,捷運,R21,都會公園站,20210622 23:30:00,0,1
一般,捷運,R21,都會公園站,20210622 23:45:00,0,3
一般,捷運,R20,後勁站,20210622 05:45:00,2,0
一般,捷運,R20,後勁站,20210622 06:00:00,6,0
一般,捷運,R20,後勁站,20210622 06:15:00,6,0
一般,捷運,R20,後勁站,20210622 06:30:00,5,8
一般,捷運,R20,後勁站,20210622 06:45:00,7,1
一般,捷運,R20,後勁站,20210622 07:00:00,10,9
一般,捷運,R20,後勁站,20210622 07:15:00,12,6
一般,捷運,R20,後勁站,20210622 07:30:00,12,9
一般,捷運,R20,後勁站,20210622 07:45:00,14,14
一般,捷運,R20,後勁站,20210622 08:00:00,14,6
一般,捷運,R20,後勁站,20210622 08:15:00,10,5
一般,捷運,R20,後勁站,20210622 08:30:00,3,6
一般,捷運,R20,後勁站,20210622 08:45:00,4,4
一般,捷運,R20,後勁站,20210622 09:00:00,2,2
一般,捷運,R20,後勁站,20210622 09:15:00,1,0
一般,捷運,R20,後勁站,20210622 09:30:00,3,4
一般,捷運,R20,後勁站,20210622 09:45:00,4,0
一般,捷運,R20,後勁站,20210622 10:00:00,5,3
一般,捷運,R20,後勁站,20210622 10:15:00,4,3
一般,捷運,R20,後勁站,20210622 10:30:00,5,2
一般,捷運,R20,後勁站,20210622 10:45:00,6,5
一般,捷運,R20,後勁站,20210622 11:00:00,4,1
一般,捷運,R20,後勁站,20210622 11:15:00,1,2
一般,捷運,R20,後勁站,20210622 11:30:00,2,0
一般,捷運,R20,後勁站,20210622 11:45:00,4,0
一般,捷運,R20,後勁站,20210622 12:00:00,2,1
一般,捷運,R20,後勁站,20210622 12:15:00,3,2
一般,捷運,R20,後勁站,20210622 12:30:00,3,1
一般,捷運,R20,後勁站,20210622 12:45:00,3,1
一般,捷運,R20,後勁站,20210622 13:00:00,3,5
一般,捷運,R20,後勁站,20210622 13:15:00,4,3
一般,捷運,R20,後勁站,20210622 13:30:00,2,0
一般,捷運,R20,後勁站,20210622 13:45:00,0,3
一般,捷運,R20,後勁站,20210622 14:00:00,0,2
一般,捷運,R20,後勁站,20210622 14:15:00,3,2
一般,捷運,R20,後勁站,20210622 14:30:00,2,1
一般,捷運,R20,後勁站,20210622 14:45:00,0,1
一般,捷運,R20,後勁站,20210622 15:00:00,3,0
一般,捷運,R20,後勁站,20210622 15:15:00,1,2
一般,捷運,R20,後勁站,20210622 15:30:00,4,0
一般,捷運,R20,後勁站,20210622 15:45:00,2,1
一般,捷運,R20,後勁站,20210622 16:00:00,7,4
一般,捷運,R20,後勁站,20210622 16:15:00,2,4
一般,捷運,R20,後勁站,20210622 16:30:00,8,5
一般,捷運,R20,後勁站,20210622 16:45:00,5,6
一般,捷運,R20,後勁站,20210622 17:00:00,10,1
一般,捷運,R20,後勁站,20210622 17:15:00,5,3
一般,捷運,R20,後勁站,20210622 17:30:00,13,12
一般,捷運,R20,後勁站,20210622 17:45:00,9,7
一般,捷運,R20,後勁站,20210622 18:00:00,7,11
一般,捷運,R20,後勁站,20210622 18:15:00,3,15
一般,捷運,R20,後勁站,20210622 18:30:00,3,9
一般,捷運,R20,後勁站,20210622 18:45:00,5,8
一般,捷運,R20,後勁站,20210622 19:00:00,2,7
一般,捷運,R20,後勁站,20210622 19:15:00,7,8
一般,捷運,R20,後勁站,20210622 19:30:00,1,5
一般,捷運,R20,後勁站,20210622 19:45:00,3,4
一般,捷運,R20,後勁站,20210622 20:00:00,2,4
一般,捷運,R20,後勁站,20210622 20:15:00,2,4
一般,捷運,R20,後勁站,20210622 20:30:00,1,3
一般,捷運,R20,後勁站,20210622 20:45:00,0,9
一般,捷運,R20,後勁站,20210622 21:15:00,1,2
一般,捷運,R20,後勁站,20210622 21:30:00,2,2
一般,捷運,R20,後勁站,20210622 21:45:00,1,6
一般,捷運,R20,後勁站,20210622 22:00:00,2,1
一般,捷運,R20,後勁站,20210622 22:15:00,1,2
一般,捷運,R20,後勁站,20210622 22:30:00,4,1
一般,捷運,R20,後勁站,20210622 22:45:00,1,1
一般,捷運,R20,後勁站,20210622 23:00:00,0,1
一般,捷運,R20,後勁站,20210622 23:15:00,0,1
一般,捷運,R20,後勁站,20210622 23:30:00,0,3
一般,捷運,R19,楠梓加工區站,20210622 05:30:00,6,0
一般,捷運,R19,楠梓加工區站,20210622 05:45:00,9,0
一般,捷運,R19,楠梓加工區站,20210622 06:00:00,7,0
一般,捷運,R19,楠梓加工區站,20210622 06:15:00,13,10
一般,捷運,R19,楠梓加工區站,20210622 06:30:00,21,59
一般,捷運,R19,楠梓加工區站,20210622 06:45:00,21,79
一般,捷運,R19,楠梓加工區站,20210622 07:00:00,27,129
一般,捷運,R19,楠梓加工區站,20210622 07:15:00,44,113
一般,捷運,R19,楠梓加工區站,20210622 07:30:00,45,172
一般,捷運,R19,楠梓加工區站,20210622 07:45:00,79,194
一般,捷運,R19,楠梓加工區站,20210622 08:00:00,47,117
一般,捷運,R19,楠梓加工區站,20210622 08:15:00,21,100
一般,捷運,R19,楠梓加工區站,20210622 08:30:00,9,40
一般,捷運,R19,楠梓加工區站,20210622 08:45:00,13,23
一般,捷運,R19,楠梓加工區站,20210622 09:00:00,9,14
一般,捷運,R19,楠梓加工區站,20210622 09:15:00,10,10
一般,捷運,R19,楠梓加工區站,20210622 09:30:00,10,6
一般,捷運,R19,楠梓加工區站,20210622 09:45:00,2,4
一般,捷運,R19,楠梓加工區站,20210622 10:00:00,4,3
一般,捷運,R19,楠梓加工區站,20210622 10:15:00,8,8
一般,捷運,R19,楠梓加工區站,20210622 10:30:00,4,6
一般,捷運,R19,楠梓加工區站,20210622 10:45:00,5,16
一般,捷運,R19,楠梓加工區站,20210622 11:00:00,6,3
一般,捷運,R19,楠梓加工區站,20210622 11:15:00,4,5
一般,捷運,R19,楠梓加工區站,20210622 11:30:00,4,2
一般,捷運,R19,楠梓加工區站,20210622 11:45:00,5,3
一般,捷運,R19,楠梓加工區站,20210622 12:00:00,9,2
一般,捷運,R19,楠梓加工區站,20210622 12:15:00,8,4
一般,捷運,R19,楠梓加工區站,20210622 12:30:00,6,4
一般,捷運,R19,楠梓加工區站,20210622 12:45:00,5,11
一般,捷運,R19,楠梓加工區站,20210622 13:00:00,4,1
一般,捷運,R19,楠梓加工區站,20210622 13:15:00,4,5
一般,捷運,R19,楠梓加工區站,20210622 13:30:00,3,8
一般,捷運,R19,楠梓加工區站,20210622 13:45:00,3,5
一般,捷運,R19,楠梓加工區站,20210622 14:00:00,4,4
一般,捷運,R19,楠梓加工區站,20210622 14:15:00,0,6
一般,捷運,R19,楠梓加工區站,20210622 14:30:00,8,7
一般,捷運,R19,楠梓加工區站,20210622 14:45:00,3,6
一般,捷運,R19,楠梓加工區站,20210622 15:00:00,5,3
一般,捷運,R19,楠梓加工區站,20210622 15:15:00,9,10
一般,捷運,R19,楠梓加工區站,20210622 15:30:00,15,3
一般,捷運,R19,楠梓加工區站,20210622 15:45:00,6,10
一般,捷運,R19,楠梓加工區站,20210622 16:00:00,10,1
一般,捷運,R19,楠梓加工區站,20210622 16:15:00,15,10
一般,捷運,R19,楠梓加工區站,20210622 16:30:00,21,2
一般,捷運,R19,楠梓加工區站,20210622 16:45:00,18,2
一般,捷運,R19,楠梓加工區站,20210622 17:00:00,65,9
一般,捷運,R19,楠梓加工區站,20210622 17:15:00,118,20
一般,捷運,R19,楠梓加工區站,20210622 17:30:00,102,23
一般,捷運,R19,楠梓加工區站,20210622 17:45:00,98,29
一般,捷運,R19,楠梓加工區站,20210622 18:00:00,70,41
一般,捷運,R19,楠梓加工區站,20210622 18:15:00,63,35
一般,捷運,R19,楠梓加工區站,20210622 18:30:00,49,40
一般,捷運,R19,楠梓加工區站,20210622 18:45:00,46,75
一般,捷運,R19,楠梓加工區站,20210622 19:00:00,46,44
一般,捷運,R19,楠梓加工區站,20210622 19:15:00,71,40
一般,捷運,R19,楠梓加工區站,20210622 19:30:00,59,13
一般,捷運,R19,楠梓加工區站,20210622 19:45:00,126,11
一般,捷運,R19,楠梓加工區站,20210622 20:00:00,51,8
一般,捷運,R19,楠梓加工區站,20210622 20:15:00,20,9
一般,捷運,R19,楠梓加工區站,20210622 20:30:00,16,8
一般,捷運,R19,楠梓加工區站,20210622 20:45:00,9,10
一般,捷運,R19,楠梓加工區站,20210622 21:00:00,7,3
一般,捷運,R19,楠梓加工區站,20210622 21:15:00,2,11
一般,捷運,R19,楠梓加工區站,20210622 21:30:00,6,0
一般,捷運,R19,楠梓加工區站,20210622 21:45:00,6,4
一般,捷運,R19,楠梓加工區站,20210622 22:00:00,2,4
一般,捷運,R19,楠梓加工區站,20210622 22:15:00,8,6
一般,捷運,R19,楠梓加工區站,20210622 22:30:00,2,5
一般,捷運,R19,楠梓加工區站,20210622 22:45:00,2,13
一般,捷運,R19,楠梓加工區站,20210622 23:00:00,0,2
一般,捷運,R19,楠梓加工區站,20210622 23:15:00,0,4
一般,捷運,R19,楠梓加工區站,20210622 23:30:00,1,2
一般,捷運,R18,油廠國小站,20210622 05:30:00,2,0
一般,捷運,R18,油廠國小站,20210622 05:45:00,6,0
一般,捷運,R18,油廠國小站,20210622 06:00:00,11,0
一般,捷運,R18,油廠國小站,20210622 06:15:00,18,5
一般,捷運,R18,油廠國小站,20210622 06:30:00,21,6
一般,捷運,R18,油廠國小站,20210622 06:45:00,23,7
一般,捷運,R18,油廠國小站,20210622 07:00:00,24,16
一般,捷運,R18,油廠國小站,20210622 07:15:00,31,18
一般,捷運,R18,油廠國小站,20210622 07:30:00,35,57
一般,捷運,R18,油廠國小站,20210622 07:45:00,50,36
一般,捷運,R18,油廠國小站,20210622 08:00:00,30,19
一般,捷運,R18,油廠國小站,20210622 08:15:00,21,15
一般,捷運,R18,油廠國小站,20210622 08:30:00,8,14
一般,捷運,R18,油廠國小站,20210622 08:45:00,10,5
一般,捷運,R18,油廠國小站,20210622 09:00:00,10,1
一般,捷運,R18,油廠國小站,20210622 09:15:00,9,9
一般,捷運,R18,油廠國小站,20210622 09:30:00,4,8
一般,捷運,R18,油廠國小站,20210622 09:45:00,13,2
一般,捷運,R18,油廠國小站,20210622 10:00:00,9,4
一般,捷運,R18,油廠國小站,20210622 10:15:00,10,3
一般,捷運,R18,油廠國小站,20210622 10:30:00,4,2
一般,捷運,R18,油廠國小站,20210622 10:45:00,8,5
一般,捷運,R18,油廠國小站,20210622 11:00:00,9,4
一般,捷運,R18,油廠國小站,20210622 11:15:00,0,7
一般,捷運,R18,油廠國小站,20210622 11:30:00,3,1
一般,捷運,R18,油廠國小站,20210622 11:45:00,4,7
一般,捷運,R18,油廠國小站,20210622 12:00:00,6,2
一般,捷運,R18,油廠國小站,20210622 12:15:00,3,2
一般,捷運,R18,油廠國小站,20210622 12:30:00,4,4
一般,捷運,R18,油廠國小站,20210622 12:45:00,8,8
一般,捷運,R18,油廠國小站,20210622 13:00:00,4,3
一般,捷運,R18,油廠國小站,20210622 13:15:00,6,2
一般,捷運,R18,油廠國小站,20210622 13:30:00,5,3
一般,捷運,R18,油廠國小站,20210622 13:45:00,4,4
一般,捷運,R18,油廠國小站,20210622 14:00:00,2,2
一般,捷運,R18,油廠國小站,20210622 14:15:00,2,3
一般,捷運,R18,油廠國小站,20210622 14:30:00,4,4
一般,捷運,R18,油廠國小站,20210622 14:45:00,7,5
一般,捷運,R18,油廠國小站,20210622 15:00:00,2,2
一般,捷運,R18,油廠國小站,20210622 15:15:00,7,5
一般,捷運,R18,油廠國小站,20210622 15:30:00,2,4
一般,捷運,R18,油廠國小站,20210622 15:45:00,8,9
一般,捷運,R18,油廠國小站,20210622 16:00:00,1,2
一般,捷運,R18,油廠國小站,20210622 16:15:00,9,6
一般,捷運,R18,油廠國小站,20210622 16:30:00,4,5
一般,捷運,R18,油廠國小站,20210622 16:45:00,7,7
一般,捷運,R18,油廠國小站,20210622 17:00:00,11,6
一般,捷運,R18,油廠國小站,20210622 17:15:00,25,23
一般,捷運,R18,油廠國小站,20210622 17:30:00,26,26
一般,捷運,R18,油廠國小站,20210622 17:45:00,22,37
一般,捷運,R18,油廠國小站,20210622 18:00:00,16,35
一般,捷運,R18,油廠國小站,20210622 18:15:00,23,34
一般,捷運,R18,油廠國小站,20210622 18:30:00,10,46
一般,捷運,R18,油廠國小站,20210622 18:45:00,12,27
一般,捷運,R18,油廠國小站,20210622 19:00:00,9,18
一般,捷運,R18,油廠國小站,20210622 19:15:00,15,26
一般,捷運,R18,油廠國小站,20210622 19:30:00,7,10
一般,捷運,R18,油廠國小站,20210622 19:45:00,17,18
一般,捷運,R18,油廠國小站,20210622 20:00:00,13,8
一般,捷運,R18,油廠國小站,20210622 20:15:00,3,9
一般,捷運,R18,油廠國小站,20210622 20:30:00,4,12
一般,捷運,R18,油廠國小站,20210622 20:45:00,4,7
一般,捷運,R18,油廠國小站,20210622 21:00:00,1,12
一般,捷運,R18,油廠國小站,20210622 21:15:00,2,0
一般,捷運,R18,油廠國小站,20210622 21:30:00,2,4
一般,捷運,R18,油廠國小站,20210622 21:45:00,6,2
一般,捷運,R18,油廠國小站,20210622 22:00:00,1,6
一般,捷運,R18,油廠國小站,20210622 22:15:00,2,8
一般,捷運,R18,油廠國小站,20210622 22:30:00,2,4
一般,捷運,R18,油廠國小站,20210622 22:45:00,1,2
一般,捷運,R18,油廠國小站,20210622 23:00:00,1,3
一般,捷運,R18,油廠國小站,20210622 23:15:00,0,2
一般,捷運,R17,世運站,20210622 05:15:00,1,0
一般,捷運,R17,世運站,20210622 05:30:00,1,0
一般,捷運,R17,世運站,20210622 05:45:00,2,0
一般,捷運,R17,世運站,20210622 06:00:00,3,1
一般,捷運,R17,世運站,20210622 06:15:00,6,6
一般,捷運,R17,世運站,20210622 06:30:00,4,5
一般,捷運,R17,世運站,20210622 06:45:00,7,5
一般,捷運,R17,世運站,20210622 07:00:00,6,10
一般,捷運,R17,世運站,20210622 07:15:00,16,16
一般,捷運,R17,世運站,20210622 07:30:00,19,21
一般,捷運,R17,世運站,20210622 07:45:00,10,20
一般,捷運,R17,世運站,20210622 08:00:00,16,14
一般,捷運,R17,世運站,20210622 08:15:00,5,6
一般,捷運,R17,世運站,20210622 08:30:00,4,3
一般,捷運,R17,世運站,20210622 08:45:00,3,1
一般,捷運,R17,世運站,20210622 09:00:00,1,6
一般,捷運,R17,世運站,20210622 09:15:00,2,2
一般,捷運,R17,世運站,20210622 09:30:00,4,5
一般,捷運,R17,世運站,20210622 09:45:00,3,2
一般,捷運,R17,世運站,20210622 10:00:00,2,2
一般,捷運,R17,世運站,20210622 10:15:00,6,2
一般,捷運,R17,世運站,20210622 10:30:00,6,0
一般,捷運,R17,世運站,20210622 10:45:00,4,1
一般,捷運,R17,世運站,20210622 11:00:00,7,3
一般,捷運,R17,世運站,20210622 11:15:00,4,1
一般,捷運,R17,世運站,20210622 11:30:00,2,2
一般,捷運,R17,世運站,20210622 12:00:00,1,0
一般,捷運,R17,世運站,20210622 12:15:00,2,2
一般,捷運,R17,世運站,20210622 12:30:00,1,5
一般,捷運,R17,世運站,20210622 12:45:00,3,1
一般,捷運,R17,世運站,20210622 13:00:00,3,1
一般,捷運,R17,世運站,20210622 13:15:00,0,1
一般,捷運,R17,世運站,20210622 13:30:00,3,3
一般,捷運,R17,世運站,20210622 13:45:00,3,2
一般,捷運,R17,世運站,20210622 14:00:00,0,2
一般,捷運,R17,世運站,20210622 14:15:00,2,0
一般,捷運,R17,世運站,20210622 14:30:00,4,6
一般,捷運,R17,世運站,20210622 14:45:00,2,2
一般,捷運,R17,世運站,20210622 15:00:00,5,3
一般,捷運,R17,世運站,20210622 15:15:00,3,1
一般,捷運,R17,世運站,20210622 15:30:00,3,2
一般,捷運,R17,世運站,20210622 15:45:00,3,1
一般,捷運,R17,世運站,20210622 16:00:00,2,3
一般,捷運,R17,世運站,20210622 16:15:00,5,1
一般,捷運,R17,世運站,20210622 16:30:00,12,2
一般,捷運,R17,世運站,20210622 16:45:00,12,1
一般,捷運,R17,世運站,20210622 17:00:00,25,0
一般,捷運,R17,世運站,20210622 17:15:00,23,6
一般,捷運,R17,世運站,20210622 17:30:00,13,8
一般,捷運,R17,世運站,20210622 17:45:00,10,9
一般,捷運,R17,世運站,20210622 18:00:00,8,12
一般,捷運,R17,世運站,20210622 18:15:00,3,14
一般,捷運,R17,世運站,20210622 18:30:00,2,11
一般,捷運,R17,世運站,20210622 18:45:00,4,7
一般,捷運,R17,世運站,20210622 19:00:00,3,6
一般,捷運,R17,世運站,20210622 19:15:00,4,3
一般,捷運,R17,世運站,20210622 19:30:00,1,4
一般,捷運,R17,世運站,20210622 19:45:00,1,5
一般,捷運,R17,世運站,20210622 20:00:00,0,5
一般,捷運,R17,世運站,20210622 20:15:00,0,2
一般,捷運,R17,世運站,20210622 20:30:00,1,7
一般,捷運,R17,世運站,20210622 21:00:00,2,8
一般,捷運,R17,世運站,20210622 21:15:00,0,4
一般,捷運,R17,世運站,20210622 21:30:00,1,1
一般,捷運,R17,世運站,20210622 22:00:00,0,1
一般,捷運,R17,世運站,20210622 22:15:00,1,1
一般,捷運,R17,世運站,20210622 22:30:00,1,0
一般,捷運,R17,世運站,20210622 23:15:00,0,1
一般,捷運,R17,世運站,20210622 23:30:00,0,1
