gid,name
102023062,中山大學
102023053,中山大學
102023053,中山大學
102023052,中山大學
102023052,中山大學
102023046,中山大學
102023046,中山大學
102023046,中山大學
102023046,中山大學
102023046,中山大學
102023045,中山大學
102023045,中山大學
102023045,中山大學
102023045,中山大學
102023045,中山大學
102023044,中山大學
102023044,中山大學
102023044,中山大學
102023044,中山大學
102023044,中山大學
102023043,中山大學
102023043,中山大學
102023043,中山大學
102023043,中山大學
102023043,中山大學
102023036,中山大學
102023036,中山大學
102023036,中山大學
102023036,中山大學
102023036,中山大學
102023035,中山大學
102023035,中山大學
102023035,中山大學
102023035,中山大學
102023035,中山大學
102023034,中山大學
102023034,中山大學
102023034,中山大學
102023034,中山大學
102023034,中山大學
102023033,中山大學
102023033,中山大學
102023033,中山大學
102023033,中山大學
102023033,中山大學
102023032,中山大學
102023032,中山大學
102023032,中山大學
102023032,中山大學
102023032,中山大學
102023027,中山大學
102023027,中山大學
102023027,中山大學
102023027,中山大學
102023027,中山大學
102023027,中山大學
102023027,中山大學
102023026,中山大學
102023026,中山大學
102023026,中山大學
102023026,中山大學
102023026,中山大學
102023026,中山大學
102023026,中山大學
102023025,中山大學
102023025,中山大學
102023025,中山大學
102023025,中山大學
102023025,中山大學
102023025,中山大學
102023025,中山大學
102023024,中山大學
102023024,中山大學
102023024,中山大學
102023024,中山大學
102023024,中山大學
102023024,中山大學
102023024,中山大學
102023023,中山大學
102023023,中山大學
102023023,中山大學
102023023,中山大學
102023023,中山大學
102023023,中山大學
102023023,中山大學
102023022,中山大學
102023022,中山大學
102023022,中山大學
102023022,中山大學
102023022,中山大學
102023022,中山大學
102023022,中山大學
102023021,中山大學
102023021,中山大學
102023021,中山大學
102023021,中山大學
102023021,中山大學
102023021,中山大學
102023021,中山大學
102023016,中山大學
102023016,中山大學
102023016,中山大學
102023016,中山大學
102023016,中山大學
102023016,中山大學
102023015,中山大學
102023015,中山大學
102023015,中山大學
102023015,中山大學
102023015,中山大學
102023015,中山大學
102023014,中山大學
102023014,中山大學
102023014,中山大學
102023014,中山大學
102023014,中山大學
102023014,中山大學
102023013,中山大學
102023013,中山大學
102023013,中山大學
102023013,中山大學
102023013,中山大學
102023013,中山大學
102023012,中山大學
102023012,中山大學
102023012,中山大學
102023012,中山大學
102023012,中山大學
102023012,中山大學
102023011,中山大學
102023011,中山大學
102023011,中山大學
102023011,中山大學
102023011,中山大學
102023011,中山大學
102023007,中山大學
102023007,中山大學
102023007,中山大學
102023007,中山大學
102023007,中山大學
102023007,中山大學
102023007,中山大學
102023006,中山大學
102023006,中山大學
102023006,中山大學
102023006,中山大學
102023006,中山大學
102023006,中山大學
102023006,中山大學
102023005,中山大學
102023005,中山大學
102023005,中山大學
102023005,中山大學
102023005,中山大學
102023005,中山大學
102023005,中山大學
102023004,中山大學
102023004,中山大學
102023004,中山大學
102023004,中山大學
102023004,中山大學
102023004,中山大學
102023004,中山大學
102023003,中山大學
102023003,中山大學
102023003,中山大學
102023003,中山大學
102023003,中山大學
102023003,中山大學
102023003,中山大學
102023002,中山大學
102023002,中山大學
102023002,中山大學
102023002,中山大學
102023002,中山大學
102023002,中山大學
102023002,中山大學
102023001,中山大學
102023001,中山大學
102023001,中山大學
102023001,中山大學
102023001,中山大學
102023001,中山大學
102023001,中山大學
102022098,中山大學
102022098,中山大學
102022098,中山大學
102022098,中山大學
102022098,中山大學
102022098,中山大學
102022098,中山大學
102022096,中山大學
102022096,中山大學
102022096,中山大學
102022096,中山大學
102022096,中山大學
102022096,中山大學
102022096,中山大學
102022095,中山大學
102022095,中山大學
102022095,中山大學
102022095,中山大學
102022095,中山大學
102022095,中山大學
102022095,中山大學
102022094,中山大學
102022094,中山大學
102022094,中山大學
102022094,中山大學
102022094,中山大學
102022094,中山大學
102022094,中山大學
102022093,中山大學
102022093,中山大學
102022093,中山大學
102022093,中山大學
102022093,中山大學
102022093,中山大學
102022093,中山大學
102022092,中山大學
102022092,中山大學
102022092,中山大學
102022092,中山大學
102022092,中山大學
102022092,中山大學
102022092,中山大學
102022091,中山大學
102022091,中山大學
102022091,中山大學
102022091,中山大學
102022091,中山大學
102022091,中山大學
102022091,中山大學
102022088,中山大學
102022088,中山大學
102022088,中山大學
102022088,中山大學
102022088,中山大學
102022088,中山大學
102022088,中山大學
102022088,中山大學
102022087,中山大學
102022087,中山大學
102022087,中山大學
102022087,中山大學
102022087,中山大學
102022087,中山大學
102022087,中山大學
102022087,中山大學
102022086,中山大學
102022086,中山大學
102022086,中山大學
102022086,中山大學
102022086,中山大學
102022086,中山大學
102022086,中山大學
102022086,中山大學
102022085,中山大學
102022085,中山大學
102022085,中山大學
102022085,中山大學
102022085,中山大學
102022085,中山大學
102022085,中山大學
102022085,中山大學
102022084,中山大學
102022084,中山大學
102022084,中山大學
102022084,中山大學
102022084,中山大學
102022084,中山大學
102022084,中山大學
102022084,中山大學
102022083,中山大學
102022083,中山大學
102022083,中山大學
102022083,中山大學
102022083,中山大學
102022083,中山大學
102022083,中山大學
102022083,中山大學
102022082,中山大學
102022082,中山大學
102022082,中山大學
102022082,中山大學
102022082,中山大學
102022082,中山大學
102022082,中山大學
102022082,中山大學
102022081,中山大學
102022081,中山大學
102022081,中山大學
102022081,中山大學
102022081,中山大學
102022081,中山大學
102022081,中山大學
102022081,中山大學
102022078,中山大學
102022078,中山大學
102022078,中山大學
102022078,中山大學
102022078,中山大學
102022078,中山大學
102022078,中山大學
102022077,中山大學
102022077,中山大學
102022077,中山大學
102022077,中山大學
102022077,中山大學
102022077,中山大學
102022077,中山大學
102022076,中山大學
102022076,中山大學
102022076,中山大學
102022076,中山大學
102022076,中山大學
102022076,中山大學
102022076,中山大學
102022075,中山大學
102022075,中山大學
102022075,中山大學
102022075,中山大學
102022075,中山大學
102022075,中山大學
102022075,中山大學
102022074,中山大學
102022074,中山大學
102022074,中山大學
102022074,中山大學
102022074,中山大學
102022074,中山大學
102022074,中山大學
102022073,中山大學
102022073,中山大學
102022073,中山大學
102022073,中山大學
102022073,中山大學
102022073,中山大學
102022073,中山大學
102022072,中山大學
102022072,中山大學
102022072,中山大學
102022072,中山大學
102022072,中山大學
102022072,中山大學
102022072,中山大學
102022067,中山大學
102022067,中山大學
102022067,中山大學
102022067,中山大學
102022067,中山大學
102022066,中山大學
102022066,中山大學
102022066,中山大學
102022066,中山大學
102022066,中山大學
102022065,中山大學
102022065,中山大學
102022065,中山大學
102022065,中山大學
102022065,中山大學
102022064,中山大學
102022064,中山大學
102022064,中山大學
102022064,中山大學
102022064,中山大學
102022063,中山大學
102022063,中山大學
102022063,中山大學
102022063,中山大學
102022063,中山大學
102022057,中山大學
102022057,中山大學
102022057,中山大學
102022057,中山大學
102022057,中山大學
102022057,中山大學
102022057,中山大學
102022056,中山大學
102022056,中山大學
102022056,中山大學
102022056,中山大學
102022056,中山大學
102022056,中山大學
102022056,中山大學
102022055,中山大學
102022055,中山大學
102022055,中山大學
102022055,中山大學
102022055,中山大學
102022055,中山大學
102022055,中山大學
102022054,中山大學
102022054,中山大學
102022054,中山大學
102022054,中山大學
102022054,中山大學
102022054,中山大學
102022054,中山大學
102022053,中山大學
102022053,中山大學
102022053,中山大學
102022053,中山大學
102022053,中山大學
102022053,中山大學
102022053,中山大學
102022052,中山大學
102022052,中山大學
102022052,中山大學
102022052,中山大學
102022052,中山大學
102022052,中山大學
102022052,中山大學
102022051,中山大學
102022051,中山大學
102022051,中山大學
102022051,中山大學
102022051,中山大學
102022051,中山大學
102022051,中山大學
102022047,中山大學
102022047,中山大學
102022047,中山大學
102022047,中山大學
102022047,中山大學
102022047,中山大學
102022047,中山大學
102022046,中山大學
102022046,中山大學
102022046,中山大學
102022046,中山大學
102022046,中山大學
102022046,中山大學
102022046,中山大學
102022045,中山大學
102022045,中山大學
102022045,中山大學
102022045,中山大學
102022045,中山大學
102022045,中山大學
102022045,中山大學
102022044,中山大學
102022044,中山大學
102022044,中山大學
102022044,中山大學
102022044,中山大學
102022044,中山大學
102022044,中山大學
102022043,中山大學
102022043,中山大學
102022043,中山大學
102022043,中山大學
102022043,中山大學
102022043,中山大學
102022043,中山大學
102022042,中山大學
102022042,中山大學
102022042,中山大學
102022042,中山大學
102022042,中山大學
102022042,中山大學
102022042,中山大學
102022041,中山大學
102022041,中山大學
102022041,中山大學
102022041,中山大學
102022041,中山大學
102022041,中山大學
102022041,中山大學
102022037,中山大學
102022037,中山大學
102022037,中山大學
102022037,中山大學
102022037,中山大學
102022037,中山大學
102022037,中山大學
102022036,中山大學
102022036,中山大學
102022036,中山大學
102022036,中山大學
102022036,中山大學
102022036,中山大學
102022036,中山大學
102022035,中山大學
102022035,中山大學
102022035,中山大學
102022035,中山大學
102022035,中山大學
102022035,中山大學
102022035,中山大學
102022034,中山大學
102022034,中山大學
102022034,中山大學
102022034,中山大學
102022034,中山大學
102022034,中山大學
102022034,中山大學
102022033,中山大學
102022033,中山大學
102022033,中山大學
102022033,中山大學
102022033,中山大學
102022033,中山大學
102022033,中山大學
102022032,中山大學
102022032,中山大學
102022032,中山大學
102022032,中山大學
102022032,中山大學
102022032,中山大學
102022032,中山大學
102022031,中山大學
102022031,中山大學
102022031,中山大學
102022031,中山大學
102022031,中山大學
102022031,中山大學
102022031,中山大學
102022023,中山大學
102022023,中山大學
102022023,中山大學
102022022,中山大學
102022022,中山大學
102022022,中山大學
102022021,中山大學
102022021,中山大學
102022021,中山大學
102022013,中山大學
102022013,中山大學
102022013,中山大學
102022012,中山大學
102022012,中山大學
102022012,中山大學
102022011,中山大學
102022011,中山大學
102022011,中山大學
102022003,中山大學
102021100,中山大學
102021100,中山大學
102021100,中山大學
102021100,中山大學
102021100,中山大學
102021099,中山大學
102021099,中山大學
102021099,中山大學
102021099,中山大學
102021099,中山大學
102021098,中山大學
102021098,中山大學
102021098,中山大學
102021098,中山大學
102021098,中山大學
102021097,中山大學
102021097,中山大學
102021097,中山大學
102021097,中山大學
102021097,中山大學
102021096,中山大學
102021096,中山大學
102021096,中山大學
102021096,中山大學
102021096,中山大學
102021090,中山大學
102021090,中山大學
102021090,中山大學
102021090,中山大學
102021090,中山大學
102021090,中山大學
102021089,中山大學
102021089,中山大學
102021089,中山大學
102021089,中山大學
102021089,中山大學
102021089,中山大學
102021088,中山大學
102021088,中山大學
102021088,中山大學
102021088,中山大學
102021088,中山大學
102021088,中山大學
102021087,中山大學
102021087,中山大學
102021087,中山大學
102021087,中山大學
102021087,中山大學
102021087,中山大學
102021086,中山大學
102021086,中山大學
102021086,中山大學
102021086,中山大學
102021086,中山大學
102021086,中山大學
102021085,中山大學
102021085,中山大學
102021085,中山大學
102021085,中山大學
102021085,中山大學
102021085,中山大學
102021080,中山大學
102021080,中山大學
102021080,中山大學
102021080,中山大學
102021080,中山大學
102021080,中山大學
102021079,中山大學
102021079,中山大學
102021079,中山大學
102021079,中山大學
102021079,中山大學
102021079,中山大學
102021078,中山大學
102021078,中山大學
102021078,中山大學
102021078,中山大學
102021078,中山大學
102021078,中山大學
102021077,中山大學
102021077,中山大學
102021077,中山大學
102021077,中山大學
102021077,中山大學
102021077,中山大學
102021076,中山大學
102021076,中山大學
102021076,中山大學
102021076,中山大學
102021076,中山大學
102021076,中山大學
102021075,中山大學
102021075,中山大學
102021075,中山大學
102021075,中山大學
102021075,中山大學
102021075,中山大學
102021070,中山大學
102021070,中山大學
102021070,中山大學
102021070,中山大學
102021070,中山大學
102021070,中山大學
102021069,中山大學
102021069,中山大學
102021069,中山大學
102021069,中山大學
102021069,中山大學
102021069,中山大學
102021068,中山大學
102021068,中山大學
102021068,中山大學
102021068,中山大學
102021068,中山大學
102021068,中山大學
102021067,中山大學
102021067,中山大學
102021067,中山大學
102021067,中山大學
102021067,中山大學
102021067,中山大學
102021066,中山大學
102021066,中山大學
102021066,中山大學
102021066,中山大學
102021066,中山大學
102021066,中山大學
102021065,中山大學
102021065,中山大學
102021065,中山大學
102021065,中山大學
102021065,中山大學
102021065,中山大學
102021060,中山大學
102021060,中山大學
102021060,中山大學
102021060,中山大學
102021060,中山大學
102021060,中山大學
102021059,中山大學
102021059,中山大學
102021059,中山大學
102021059,中山大學
102021059,中山大學
102021059,中山大學
102021058,中山大學
102021058,中山大學
102021058,中山大學
102021058,中山大學
102021058,中山大學
102021058,中山大學
102021057,中山大學
102021057,中山大學
102021057,中山大學
102021057,中山大學
102021057,中山大學
102021057,中山大學
102021056,中山大學
102021056,中山大學
102021056,中山大學
102021056,中山大學
102021056,中山大學
102021056,中山大學
102021055,中山大學
102021055,中山大學
102021055,中山大學
102021055,中山大學
102021055,中山大學
102021055,中山大學
102021050,中山大學
102021050,中山大學
102021050,中山大學
102021050,中山大學
102021050,中山大學
102021049,中山大學
102021049,中山大學
102021049,中山大學
102021049,中山大學
102021049,中山大學
102021048,中山大學
102021048,中山大學
102021048,中山大學
102021048,中山大學
102021048,中山大學
102021047,中山大學
102021047,中山大學
102021047,中山大學
102021047,中山大學
102021047,中山大學
102021045,中山大學
102021045,中山大學
102021045,中山大學
102021045,中山大學
102021045,中山大學
102021040,中山大學
102021040,中山大學
102021040,中山大學
102021040,中山大學
102021040,中山大學
102021039,中山大學
102021039,中山大學
102021039,中山大學
102021039,中山大學
102021039,中山大學
102021038,中山大學
102021038,中山大學
102021038,中山大學
102021038,中山大學
102021038,中山大學
102021037,中山大學
102021037,中山大學
102021037,中山大學
102021037,中山大學
102021037,中山大學
102021035,中山大學
102021035,中山大學
102021035,中山大學
102021035,中山大學
102021035,中山大學
102021030,中山大學
102021030,中山大學
102021030,中山大學
102021030,中山大學
102021029,中山大學
102021029,中山大學
102021029,中山大學
102021029,中山大學
102021028,中山大學
102021028,中山大學
102021028,中山大學
102021028,中山大學
102021027,中山大學
102021027,中山大學
102021027,中山大學
102021027,中山大學
102021020,中山大學
102021020,中山大學
102021020,中山大學
102021020,中山大學
102021020,中山大學
102021019,中山大學
102021019,中山大學
102021019,中山大學
102021019,中山大學
102021019,中山大學
102021018,中山大學
102021018,中山大學
102021018,中山大學
102021018,中山大學
102021018,中山大學
102021016,中山大學
102021016,中山大學
102021016,中山大學
102021016,中山大學
102021016,中山大學
102021015,中山大學
102021015,中山大學
102021015,中山大學
102021015,中山大學
102021015,中山大學
101125020,中山大學
101125020,中山大學
101125019,中山大學
101125019,中山大學
101125010,中山大學
101125010,中山大學
101125010,中山大學
101125009,中山大學
101125009,中山大學
101125009,中山大學
101125008,中山大學
101125008,中山大學
101125008,中山大學
102199051,壽山情人觀景台
102199032,壽山情人觀景台
102199031,壽山情人觀景台
102023071,壽山情人觀景台
101127079,壽山情人觀景台
101127070,壽山情人觀景台
101127069,壽山情人觀景台
101127068,壽山情人觀景台
101127067,壽山情人觀景台
101127065,壽山情人觀景台
101127060,壽山情人觀景台
101127059,壽山情人觀景台
101127058,壽山情人觀景台
101127057,壽山情人觀景台
101127056,壽山情人觀景台
101127055,壽山情人觀景台
101127050,壽山情人觀景台
101127048,壽山情人觀景台
101127047,壽山情人觀景台
101127046,壽山情人觀景台
101127045,壽山情人觀景台
101127040,壽山情人觀景台
101127039,壽山情人觀景台
101127038,壽山情人觀景台
101127037,壽山情人觀景台
101127036,壽山情人觀景台
101127029,壽山情人觀景台
101127027,壽山情人觀景台
101127026,壽山情人觀景台
101127019,壽山情人觀景台
101127018,壽山情人觀景台
101127017,壽山情人觀景台
101127009,壽山情人觀景台
101127008,壽山情人觀景台
101125100,壽山情人觀景台
101125099,壽山情人觀景台
101125090,壽山情人觀景台
101125089,壽山情人觀景台
101125080,壽山情人觀景台
102409100,星光公園
101969096,星光公園
101969095,星光公園
101969094,星光公園
101969093,星光公園
101969086,星光公園
101969085,星光公園
101969084,星光公園
101969082,星光公園
101969081,星光公園
100883036,星光公園
100883035,星光公園
100883028,星光公園
100883027,星光公園
100883026,星光公園
100883025,星光公園
100883017,星光公園
100883016,星光公園
100883015,星光公園
100883007,星光公園
100883006,星光公園
100883005,星光公園
100059060,星光公園
100059050,星光公園
100059040,星光公園
100059030,星光公園
100059020,星光公園
100059010,星光公園
100059009,星光公園
100032097,星光公園
100032096,星光公園
100032095,星光公園
100032087,星光公園
100032086,星光公園
100032085,星光公園
100032084,星光公園
100032076,星光公園
100032075,星光公園
100032074,星光公園
100032066,星光公園
100032065,星光公園
100032064,星光公園
100032056,星光公園
100032055,星光公園
100032054,星光公園
100032053,星光公園
100032052,星光公園
100032051,星光公園
100032046,星光公園
100032045,星光公園
100032044,星光公園
100032043,星光公園
100032042,星光公園
100032041,星光公園
100032036,星光公園
100032035,星光公園
100032034,星光公園
100032033,星光公園
100032032,星光公園
100032031,星光公園
100032026,星光公園
100032025,星光公園
100032024,星光公園
100032023,星光公園
100032022,星光公園
100032016,星光公園
100032015,星光公園
100032014,星光公園
100032013,星光公園
100032012,星光公園
100032011,星光公園
100032006,星光公園
100032005,星光公園
100032004,星光公園
100032002,星光公園
101061001,國慶煙火範圍
101061002,國慶煙火範圍
101061003,國慶煙火範圍
101061004,國慶煙火範圍
101061005,國慶煙火範圍
101061006,國慶煙火範圍
101061007,國慶煙火範圍
101061008,國慶煙火範圍
101061009,國慶煙火範圍
101061010,國慶煙火範圍
101061013,國慶煙火範圍
101061014,國慶煙火範圍
101061015,國慶煙火範圍
101061016,國慶煙火範圍
101061017,國慶煙火範圍
101061018,國慶煙火範圍
101061019,國慶煙火範圍
101061020,國慶煙火範圍
101061025,國慶煙火範圍
101061026,國慶煙火範圍
101061027,國慶煙火範圍
101061028,國慶煙火範圍
101061029,國慶煙火範圍
101061030,國慶煙火範圍
101061037,國慶煙火範圍
101061038,國慶煙火範圍
101061039,國慶煙火範圍
101061040,國慶煙火範圍
101061049,國慶煙火範圍
101061050,國慶煙火範圍
101101001,國慶煙火範圍
101101002,國慶煙火範圍
101101003,國慶煙火範圍
101101011,國慶煙火範圍
101101012,國慶煙火範圍
101101013,國慶煙火範圍
101101021,國慶煙火範圍
101101022,國慶煙火範圍
101101031,國慶煙火範圍
101101032,國慶煙火範圍
101101041,國慶煙火範圍
101101051,國慶煙火範圍
101127031,國慶煙火範圍
101127032,國慶煙火範圍
101127033,國慶煙火範圍
101127041,國慶煙火範圍
101127042,國慶煙火範圍
101127043,國慶煙火範圍
101127051,國慶煙火範圍
101127052,國慶煙火範圍
101127053,國慶煙火範圍
101127054,國慶煙火範圍
101127061,國慶煙火範圍
101127062,國慶煙火範圍
101127063,國慶煙火範圍
101127064,國慶煙火範圍
101127071,國慶煙火範圍
101127072,國慶煙火範圍
101127073,國慶煙火範圍
101127074,國慶煙火範圍
101127081,國慶煙火範圍
101127082,國慶煙火範圍
101127083,國慶煙火範圍
101127084,國慶煙火範圍
101127091,國慶煙火範圍
101127092,國慶煙火範圍
101127093,國慶煙火範圍
101127094,國慶煙火範圍
101981001,國慶煙火範圍
101981002,國慶煙火範圍
101981003,國慶煙火範圍
101981004,國慶煙火範圍
101981011,國慶煙火範圍
101981012,國慶煙火範圍
101981013,國慶煙火範圍
101981014,國慶煙火範圍
101981015,國慶煙火範圍
101981021,國慶煙火範圍
101981022,國慶煙火範圍
101981023,國慶煙火範圍
101981024,國慶煙火範圍
101981025,國慶煙火範圍
101981026,國慶煙火範圍
101981027,國慶煙火範圍
101981031,國慶煙火範圍
101981032,國慶煙火範圍
101981033,國慶煙火範圍
101981034,國慶煙火範圍
101981035,國慶煙火範圍
101981036,國慶煙火範圍
101981037,國慶煙火範圍
101981038,國慶煙火範圍
101981041,國慶煙火範圍
101981042,國慶煙火範圍
101981043,國慶煙火範圍
101981044,國慶煙火範圍
101981045,國慶煙火範圍
101981046,國慶煙火範圍
101981047,國慶煙火範圍
101981048,國慶煙火範圍
101981051,國慶煙火範圍
101981052,國慶煙火範圍
101981053,國慶煙火範圍
101981054,國慶煙火範圍
101981055,國慶煙火範圍
101981056,國慶煙火範圍
101981057,國慶煙火範圍
101981058,國慶煙火範圍
101981062,國慶煙火範圍
101981063,國慶煙火範圍
101981064,國慶煙火範圍
101981065,國慶煙火範圍
101981066,國慶煙火範圍
101981067,國慶煙火範圍
101981068,國慶煙火範圍
101981071,國慶煙火範圍
101981072,國慶煙火範圍
101981074,國慶煙火範圍
101981075,國慶煙火範圍
101981076,國慶煙火範圍
101981077,國慶煙火範圍
101981078,國慶煙火範圍
101981081,國慶煙火範圍
101981082,國慶煙火範圍
101981083,國慶煙火範圍
101981084,國慶煙火範圍
101981085,國慶煙火範圍
101981086,國慶煙火範圍
101981087,國慶煙火範圍
101981088,國慶煙火範圍
101981091,國慶煙火範圍
101981092,國慶煙火範圍
101981093,國慶煙火範圍
101981094,國慶煙火範圍
101981095,國慶煙火範圍
101981096,國慶煙火範圍
101981097,國慶煙火範圍
101981098,國慶煙火範圍
101992001,國慶煙火範圍
101992002,國慶煙火範圍
101992003,國慶煙火範圍
101992004,國慶煙火範圍
101992005,國慶煙火範圍
101992006,國慶煙火範圍
101992011,國慶煙火範圍
101992012,國慶煙火範圍
101992013,國慶煙火範圍
101992014,國慶煙火範圍
101992015,國慶煙火範圍
101992021,國慶煙火範圍
101992022,國慶煙火範圍
101992023,國慶煙火範圍
101992024,國慶煙火範圍
101992025,國慶煙火範圍
101992031,國慶煙火範圍
101992032,國慶煙火範圍
101992033,國慶煙火範圍
101992034,國慶煙火範圍
101992041,國慶煙火範圍
101994006,國慶煙火範圍
101994007,國慶煙火範圍
101994008,國慶煙火範圍
101994009,國慶煙火範圍
101994010,國慶煙火範圍
101994016,國慶煙火範圍
101994017,國慶煙火範圍
101994018,國慶煙火範圍
101994019,國慶煙火範圍
101994020,國慶煙火範圍
101994025,國慶煙火範圍
101994026,國慶煙火範圍
101994027,國慶煙火範圍
101994028,國慶煙火範圍
101994029,國慶煙火範圍
101994030,國慶煙火範圍
101994035,國慶煙火範圍
101994036,國慶煙火範圍
101994037,國慶煙火範圍
101994038,國慶煙火範圍
101994039,國慶煙火範圍
101994040,國慶煙火範圍
101994044,國慶煙火範圍
101994045,國慶煙火範圍
101994046,國慶煙火範圍
101994047,國慶煙火範圍
101994048,國慶煙火範圍
101994049,國慶煙火範圍
101994050,國慶煙火範圍
101994054,國慶煙火範圍
101994055,國慶煙火範圍
101994056,國慶煙火範圍
101994057,國慶煙火範圍
101994058,國慶煙火範圍
101994059,國慶煙火範圍
101994060,國慶煙火範圍
101994063,國慶煙火範圍
101994064,國慶煙火範圍
101994065,國慶煙火範圍
101994066,國慶煙火範圍
101994067,國慶煙火範圍
101994068,國慶煙火範圍
101994069,國慶煙火範圍
101994070,國慶煙火範圍
101994073,國慶煙火範圍
101994074,國慶煙火範圍
101994075,國慶煙火範圍
101994076,國慶煙火範圍
101994077,國慶煙火範圍
101994078,國慶煙火範圍
101994079,國慶煙火範圍
101994080,國慶煙火範圍
101994082,國慶煙火範圍
101994083,國慶煙火範圍
101994084,國慶煙火範圍
101994085,國慶煙火範圍
101994086,國慶煙火範圍
101994087,國慶煙火範圍
101994088,國慶煙火範圍
101994089,國慶煙火範圍
101994090,國慶煙火範圍
101994092,國慶煙火範圍
101994093,國慶煙火範圍
101994094,國慶煙火範圍
101994095,國慶煙火範圍
101994096,國慶煙火範圍
101994097,國慶煙火範圍
101994098,國慶煙火範圍
101994099,國慶煙火範圍
101994100,國慶煙火範圍
101995001,國慶煙火範圍
101995002,國慶煙火範圍
101995003,國慶煙火範圍
101995004,國慶煙火範圍
101995005,國慶煙火範圍
101995006,國慶煙火範圍
101995007,國慶煙火範圍
101995008,國慶煙火範圍
101995012,國慶煙火範圍
101995013,國慶煙火範圍
101995014,國慶煙火範圍
101995015,國慶煙火範圍
101995016,國慶煙火範圍
101995017,國慶煙火範圍
101995018,國慶煙火範圍
101995022,國慶煙火範圍
101995023,國慶煙火範圍
101995024,國慶煙火範圍
101995025,國慶煙火範圍
101995026,國慶煙火範圍
101995027,國慶煙火範圍
101995028,國慶煙火範圍
101995029,國慶煙火範圍
101995030,國慶煙火範圍
101995032,國慶煙火範圍
101995033,國慶煙火範圍
101995034,國慶煙火範圍
101995035,國慶煙火範圍
101995036,國慶煙火範圍
101995037,國慶煙火範圍
101995038,國慶煙火範圍
101995039,國慶煙火範圍
101995040,國慶煙火範圍
101995042,國慶煙火範圍
101995043,國慶煙火範圍
101995044,國慶煙火範圍
101995045,國慶煙火範圍
101995046,國慶煙火範圍
101995047,國慶煙火範圍
101995048,國慶煙火範圍
101995049,國慶煙火範圍
101995050,國慶煙火範圍
101995052,國慶煙火範圍
101995053,國慶煙火範圍
101995054,國慶煙火範圍
101995055,國慶煙火範圍
101995056,國慶煙火範圍
101995057,國慶煙火範圍
101995058,國慶煙火範圍
101995059,國慶煙火範圍
101995060,國慶煙火範圍
101995063,國慶煙火範圍
101995064,國慶煙火範圍
101995065,國慶煙火範圍
101995066,國慶煙火範圍
101995067,國慶煙火範圍
101995068,國慶煙火範圍
101995069,國慶煙火範圍
101995070,國慶煙火範圍
101995073,國慶煙火範圍
101995074,國慶煙火範圍
101995075,國慶煙火範圍
101995076,國慶煙火範圍
101995077,國慶煙火範圍
101995078,國慶煙火範圍
101995079,國慶煙火範圍
101995080,國慶煙火範圍
101995082,國慶煙火範圍
101995083,國慶煙火範圍
101995084,國慶煙火範圍
101995085,國慶煙火範圍
101995086,國慶煙火範圍
101995087,國慶煙火範圍
101995088,國慶煙火範圍
101995089,國慶煙火範圍
101995090,國慶煙火範圍
101995092,國慶煙火範圍
101995093,國慶煙火範圍
101995094,國慶煙火範圍
101995095,國慶煙火範圍
101995096,國慶煙火範圍
101995097,國慶煙火範圍
101995098,國慶煙火範圍
101995099,國慶煙火範圍
101995100,國慶煙火範圍
101996001,國慶煙火範圍
101996002,國慶煙火範圍
101996003,國慶煙火範圍
101996004,國慶煙火範圍
101996005,國慶煙火範圍
101996006,國慶煙火範圍
101996007,國慶煙火範圍
101996008,國慶煙火範圍
101996009,國慶煙火範圍
101996010,國慶煙火範圍
101996011,國慶煙火範圍
101996012,國慶煙火範圍
101996013,國慶煙火範圍
101996014,國慶煙火範圍
101996015,國慶煙火範圍
101996016,國慶煙火範圍
101996017,國慶煙火範圍
101996018,國慶煙火範圍
101996019,國慶煙火範圍
101996020,國慶煙火範圍
101996021,國慶煙火範圍
101996022,國慶煙火範圍
101996023,國慶煙火範圍
101996024,國慶煙火範圍
101996025,國慶煙火範圍
101996026,國慶煙火範圍
101996027,國慶煙火範圍
101996028,國慶煙火範圍
101996029,國慶煙火範圍
101996030,國慶煙火範圍
101996031,國慶煙火範圍
101996032,國慶煙火範圍
101996033,國慶煙火範圍
101996034,國慶煙火範圍
101996035,國慶煙火範圍
101996036,國慶煙火範圍
101996037,國慶煙火範圍
101996038,國慶煙火範圍
101996039,國慶煙火範圍
101996040,國慶煙火範圍
101996041,國慶煙火範圍
101996042,國慶煙火範圍
101996043,國慶煙火範圍
101996044,國慶煙火範圍
101996045,國慶煙火範圍
101996046,國慶煙火範圍
101996047,國慶煙火範圍
101996048,國慶煙火範圍
101996049,國慶煙火範圍
101996050,國慶煙火範圍
101996051,國慶煙火範圍
101996052,國慶煙火範圍
101996053,國慶煙火範圍
101996054,國慶煙火範圍
101996055,國慶煙火範圍
101996056,國慶煙火範圍
101996057,國慶煙火範圍
101996058,國慶煙火範圍
101996059,國慶煙火範圍
101996060,國慶煙火範圍
101996061,國慶煙火範圍
101996062,國慶煙火範圍
101996063,國慶煙火範圍
101996064,國慶煙火範圍
101996065,國慶煙火範圍
101996066,國慶煙火範圍
101996067,國慶煙火範圍
101996068,國慶煙火範圍
101996069,國慶煙火範圍
101996070,國慶煙火範圍
101996071,國慶煙火範圍
101996072,國慶煙火範圍
101996073,國慶煙火範圍
101996074,國慶煙火範圍
101996075,國慶煙火範圍
101996076,國慶煙火範圍
101996077,國慶煙火範圍
101996078,國慶煙火範圍
101996079,國慶煙火範圍
101996080,國慶煙火範圍
101996081,國慶煙火範圍
101996082,國慶煙火範圍
101996083,國慶煙火範圍
101996084,國慶煙火範圍
101996085,國慶煙火範圍
101996086,國慶煙火範圍
101996087,國慶煙火範圍
101996088,國慶煙火範圍
101996089,國慶煙火範圍
101996091,國慶煙火範圍
101996092,國慶煙火範圍
101996093,國慶煙火範圍
101996094,國慶煙火範圍
101996095,國慶煙火範圍
101996096,國慶煙火範圍
101996097,國慶煙火範圍
101996098,國慶煙火範圍
101996099,國慶煙火範圍
102200001,國慶煙火範圍
102200002,國慶煙火範圍
102200003,國慶煙火範圍
102200004,國慶煙火範圍
102200005,國慶煙火範圍
102200006,國慶煙火範圍
102200007,國慶煙火範圍
102200011,國慶煙火範圍
102200012,國慶煙火範圍
102200013,國慶煙火範圍
102200014,國慶煙火範圍
102200015,國慶煙火範圍
102200016,國慶煙火範圍
102200017,國慶煙火範圍
102200021,國慶煙火範圍
102200022,國慶煙火範圍
102200023,國慶煙火範圍
102200024,國慶煙火範圍
102200025,國慶煙火範圍
102200026,國慶煙火範圍
102200027,國慶煙火範圍
102200031,國慶煙火範圍
102200032,國慶煙火範圍
102200033,國慶煙火範圍
102200034,國慶煙火範圍
102200035,國慶煙火範圍
102200036,國慶煙火範圍
102200037,國慶煙火範圍
102200041,國慶煙火範圍
102200042,國慶煙火範圍
102200043,國慶煙火範圍
102200044,國慶煙火範圍
102200045,國慶煙火範圍
102200046,國慶煙火範圍
102200047,國慶煙火範圍
102200051,國慶煙火範圍
102200052,國慶煙火範圍
102200053,國慶煙火範圍
102200054,國慶煙火範圍
102200055,國慶煙火範圍
102200056,國慶煙火範圍
102200057,國慶煙火範圍
102200061,國慶煙火範圍
102200062,國慶煙火範圍
102200063,國慶煙火範圍
102200064,國慶煙火範圍
102200065,國慶煙火範圍
102200066,國慶煙火範圍
102200067,國慶煙火範圍
102200068,國慶煙火範圍
102200071,國慶煙火範圍
102200072,國慶煙火範圍
102200073,國慶煙火範圍
102200074,國慶煙火範圍
102200075,國慶煙火範圍
102200076,國慶煙火範圍
102200077,國慶煙火範圍
102200078,國慶煙火範圍
102200081,國慶煙火範圍
102200082,國慶煙火範圍
102200083,國慶煙火範圍
102200084,國慶煙火範圍
102200085,國慶煙火範圍
102200086,國慶煙火範圍
102200087,國慶煙火範圍
102200088,國慶煙火範圍
102200091,國慶煙火範圍
102200092,國慶煙火範圍
102200093,國慶煙火範圍
102200094,國慶煙火範圍
102200095,國慶煙火範圍
102200096,國慶煙火範圍
102200097,國慶煙火範圍
102200098,國慶煙火範圍
102239069,國慶煙火範圍
102239070,國慶煙火範圍
102239079,國慶煙火範圍
102239080,國慶煙火範圍
102239088,國慶煙火範圍
102239089,國慶煙火範圍
102239090,國慶煙火範圍
102239099,國慶煙火範圍
102239100,國慶煙火範圍
102410057,國慶煙火範圍
102410058,國慶煙火範圍
102410059,國慶煙火範圍
102410067,國慶煙火範圍
102410068,國慶煙火範圍
102410069,國慶煙火範圍
102410070,國慶煙火範圍
102410076,國慶煙火範圍
102410077,國慶煙火範圍
102410078,國慶煙火範圍
102410079,國慶煙火範圍
102410080,國慶煙火範圍
102410087,國慶煙火範圍
102410088,國慶煙火範圍
102410089,國慶煙火範圍
102410090,國慶煙火範圍
102410099,國慶煙火範圍
102410100,國慶煙火範圍
102411009,國慶煙火範圍
102411010,國慶煙火範圍
102411020,國慶煙火範圍
102411030,國慶煙火範圍
102413030,國慶煙火範圍
102413040,國慶煙火範圍
102413049,國慶煙火範圍
102413050,國慶煙火範圍
102413059,國慶煙火範圍
102413060,國慶煙火範圍
102413068,國慶煙火範圍
102413069,國慶煙火範圍
102413070,國慶煙火範圍
102413078,國慶煙火範圍
102413079,國慶煙火範圍
102413080,國慶煙火範圍
102413087,國慶煙火範圍
102413088,國慶煙火範圍
102413089,國慶煙火範圍
102413090,國慶煙火範圍
102413097,國慶煙火範圍
102413098,國慶煙火範圍
102413099,國慶煙火範圍
102413100,國慶煙火範圍
102414001,國慶煙火範圍
102414002,國慶煙火範圍
102414003,國慶煙火範圍
102414004,國慶煙火範圍
102414005,國慶煙火範圍
102414006,國慶煙火範圍
102414007,國慶煙火範圍
102414008,國慶煙火範圍
102414009,國慶煙火範圍
102414010,國慶煙火範圍
102414011,國慶煙火範圍
102414012,國慶煙火範圍
102414013,國慶煙火範圍
102414014,國慶煙火範圍
102414015,國慶煙火範圍
102414016,國慶煙火範圍
102414017,國慶煙火範圍
102414018,國慶煙火範圍
102414019,國慶煙火範圍
102414020,國慶煙火範圍
102414021,國慶煙火範圍
102414022,國慶煙火範圍
102414023,國慶煙火範圍
102414024,國慶煙火範圍
102414025,國慶煙火範圍
102414026,國慶煙火範圍
102414027,國慶煙火範圍
102414028,國慶煙火範圍
102414029,國慶煙火範圍
102414030,國慶煙火範圍
102414033,國慶煙火範圍
102414034,國慶煙火範圍
102414035,國慶煙火範圍
102414037,國慶煙火範圍
102414038,國慶煙火範圍
102414039,國慶煙火範圍
102414040,國慶煙火範圍
102414048,國慶煙火範圍
102414049,國慶煙火範圍
102414050,國慶煙火範圍
102414060,國慶煙火範圍
102414061,國慶煙火範圍
102414071,國慶煙火範圍
102414072,國慶煙火範圍
102414073,國慶煙火範圍
102414081,國慶煙火範圍
102414082,國慶煙火範圍
102414083,國慶煙火範圍
102414084,國慶煙火範圍
102414085,國慶煙火範圍
102414090,國慶煙火範圍
102414091,國慶煙火範圍
102414092,國慶煙火範圍
102414093,國慶煙火範圍
102414094,國慶煙火範圍
102414095,國慶煙火範圍
102414096,國慶煙火範圍
102414097,國慶煙火範圍
102414100,國慶煙火範圍
102416053,國慶煙火範圍
102416054,國慶煙火範圍
102416055,國慶煙火範圍
102416056,國慶煙火範圍
102416061,國慶煙火範圍
102416062,國慶煙火範圍
102416063,國慶煙火範圍
102416064,國慶煙火範圍
102416065,國慶煙火範圍
102416066,國慶煙火範圍
102416071,國慶煙火範圍
102416072,國慶煙火範圍
102416073,國慶煙火範圍
102416074,國慶煙火範圍
102416075,國慶煙火範圍
102416076,國慶煙火範圍
102416077,國慶煙火範圍
102416081,國慶煙火範圍
102416082,國慶煙火範圍
102416083,國慶煙火範圍
102416084,國慶煙火範圍
102416085,國慶煙火範圍
102416086,國慶煙火範圍
102416087,國慶煙火範圍
102416091,國慶煙火範圍
102416092,國慶煙火範圍
102416093,國慶煙火範圍
102416094,國慶煙火範圍
102416095,國慶煙火範圍
102416096,國慶煙火範圍
102416097,國慶煙火範圍
102425001,國慶煙火範圍
102425002,國慶煙火範圍
102425003,國慶煙火範圍
102425004,國慶煙火範圍
102425005,國慶煙火範圍
102425006,國慶煙火範圍
102425007,國慶煙火範圍
102425008,國慶煙火範圍
102425011,國慶煙火範圍
102425012,國慶煙火範圍
102425013,國慶煙火範圍
102425014,國慶煙火範圍
102425015,國慶煙火範圍
102425016,國慶煙火範圍
102425017,國慶煙火範圍
102425018,國慶煙火範圍
102425021,國慶煙火範圍
102425022,國慶煙火範圍
102425023,國慶煙火範圍
102425024,國慶煙火範圍
102425025,國慶煙火範圍
102425026,國慶煙火範圍
102425027,國慶煙火範圍
102425031,國慶煙火範圍
102425032,國慶煙火範圍
102425033,國慶煙火範圍
102425034,國慶煙火範圍
102425035,國慶煙火範圍
102425036,國慶煙火範圍
102425037,國慶煙火範圍
102425041,國慶煙火範圍
102425042,國慶煙火範圍
102425043,國慶煙火範圍
102425044,國慶煙火範圍
102425045,國慶煙火範圍
102425046,國慶煙火範圍
102425051,國慶煙火範圍
102425052,國慶煙火範圍
102425053,國慶煙火範圍
102425054,國慶煙火範圍
102425055,國慶煙火範圍
102425061,國慶煙火範圍
102425062,國慶煙火範圍
102425063,國慶煙火範圍
102425064,國慶煙火範圍
102425065,國慶煙火範圍
102425071,國慶煙火範圍
102425072,國慶煙火範圍
102425073,國慶煙火範圍
102425074,國慶煙火範圍
102425081,國慶煙火範圍
102425082,國慶煙火範圍
102425083,國慶煙火範圍
102425084,國慶煙火範圍
102425091,國慶煙火範圍
102425092,國慶煙火範圍
102425093,國慶煙火範圍
102425094,國慶煙火範圍
101996060,哈瑪星鐵道園區
101996050,哈瑪星鐵道園區
101996049,哈瑪星鐵道園區
101996048,哈瑪星鐵道園區
101996040,哈瑪星鐵道園區
101996039,哈瑪星鐵道園區
101996038,哈瑪星鐵道園區
101996037,哈瑪星鐵道園區
101996030,哈瑪星鐵道園區
101996029,哈瑪星鐵道園區
101996028,哈瑪星鐵道園區
101996027,哈瑪星鐵道園區
101996026,哈瑪星鐵道園區
101996025,哈瑪星鐵道園區
101996024,哈瑪星鐵道園區
101996023,哈瑪星鐵道園區
101996020,哈瑪星鐵道園區
101996019,哈瑪星鐵道園區
101996018,哈瑪星鐵道園區
101996017,哈瑪星鐵道園區
101996016,哈瑪星鐵道園區
101996015,哈瑪星鐵道園區
101996014,哈瑪星鐵道園區
101996013,哈瑪星鐵道園區
101996011,哈瑪星鐵道園區
101996010,哈瑪星鐵道園區
101996009,哈瑪星鐵道園區
101996008,哈瑪星鐵道園區
101996007,哈瑪星鐵道園區
101996006,哈瑪星鐵道園區
101996005,哈瑪星鐵道園區
101996004,哈瑪星鐵道園區
101996003,哈瑪星鐵道園區
101996002,哈瑪星鐵道園區
101996001,哈瑪星鐵道園區
101995100,哈瑪星鐵道園區
101995099,哈瑪星鐵道園區
101995098,哈瑪星鐵道園區
101995097,哈瑪星鐵道園區
101995096,哈瑪星鐵道園區
101995094,哈瑪星鐵道園區
101995093,哈瑪星鐵道園區
101995092,哈瑪星鐵道園區
101995089,哈瑪星鐵道園區
101995088,哈瑪星鐵道園區
101995087,哈瑪星鐵道園區
101995086,哈瑪星鐵道園區
101995085,哈瑪星鐵道園區
101995084,哈瑪星鐵道園區
101995083,哈瑪星鐵道園區
101995082,哈瑪星鐵道園區
101995080,哈瑪星鐵道園區
101995079,哈瑪星鐵道園區
101995078,哈瑪星鐵道園區
101995077,哈瑪星鐵道園區
101995076,哈瑪星鐵道園區
101995075,哈瑪星鐵道園區
101995074,哈瑪星鐵道園區
101995073,哈瑪星鐵道園區
101995069,哈瑪星鐵道園區
101995068,哈瑪星鐵道園區
101995067,哈瑪星鐵道園區
101995066,哈瑪星鐵道園區
101995065,哈瑪星鐵道園區
101995064,哈瑪星鐵道園區
101995063,哈瑪星鐵道園區
101995060,哈瑪星鐵道園區
101995059,哈瑪星鐵道園區
101995058,哈瑪星鐵道園區
101995057,哈瑪星鐵道園區
101995056,哈瑪星鐵道園區
101995055,哈瑪星鐵道園區
101995054,哈瑪星鐵道園區
101995053,哈瑪星鐵道園區
101995052,哈瑪星鐵道園區
101995050,哈瑪星鐵道園區
101995049,哈瑪星鐵道園區
101995048,哈瑪星鐵道園區
101995047,哈瑪星鐵道園區
101995046,哈瑪星鐵道園區
101995045,哈瑪星鐵道園區
101995044,哈瑪星鐵道園區
101995043,哈瑪星鐵道園區
101995042,哈瑪星鐵道園區
101995040,哈瑪星鐵道園區
101995039,哈瑪星鐵道園區
101995037,哈瑪星鐵道園區
101995036,哈瑪星鐵道園區
101995035,哈瑪星鐵道園區
101995033,哈瑪星鐵道園區
101995032,哈瑪星鐵道園區
101995030,哈瑪星鐵道園區
101995029,哈瑪星鐵道園區
101995028,哈瑪星鐵道園區
101995027,哈瑪星鐵道園區
101995026,哈瑪星鐵道園區
101995025,哈瑪星鐵道園區
101995022,哈瑪星鐵道園區
101127097,哈瑪星鐵道園區
101127096,哈瑪星鐵道園區
101127095,哈瑪星鐵道園區
101127094,哈瑪星鐵道園區
101127093,哈瑪星鐵道園區
101127092,哈瑪星鐵道園區
101127091,哈瑪星鐵道園區
101127086,哈瑪星鐵道園區
101127085,哈瑪星鐵道園區
101127084,哈瑪星鐵道園區
101127083,哈瑪星鐵道園區
101127082,哈瑪星鐵道園區
101127081,哈瑪星鐵道園區
101127075,哈瑪星鐵道園區
101127074,哈瑪星鐵道園區
101127073,哈瑪星鐵道園區
101127072,哈瑪星鐵道園區
101127071,哈瑪星鐵道園區
101127065,哈瑪星鐵道園區
101127064,哈瑪星鐵道園區
101127063,哈瑪星鐵道園區
101127062,哈瑪星鐵道園區
101127061,哈瑪星鐵道園區
101127055,哈瑪星鐵道園區
101127054,哈瑪星鐵道園區
101127053,哈瑪星鐵道園區
101127052,哈瑪星鐵道園區
101127051,哈瑪星鐵道園區
101127043,哈瑪星鐵道園區
101127042,哈瑪星鐵道園區
101127041,哈瑪星鐵道園區
101127033,哈瑪星鐵道園區
101127032,哈瑪星鐵道園區
101127031,哈瑪星鐵道園區
101101086,哈瑪星鐵道園區
101101076,哈瑪星鐵道園區
101101075,哈瑪星鐵道園區
101101074,哈瑪星鐵道園區
101101067,哈瑪星鐵道園區
101101066,哈瑪星鐵道園區
101101065,哈瑪星鐵道園區
101101064,哈瑪星鐵道園區
101101063,哈瑪星鐵道園區
101101062,哈瑪星鐵道園區
101101057,哈瑪星鐵道園區
101101055,哈瑪星鐵道園區
101101054,哈瑪星鐵道園區
101101053,哈瑪星鐵道園區
101101052,哈瑪星鐵道園區
101101051,哈瑪星鐵道園區
101101048,哈瑪星鐵道園區
101101047,哈瑪星鐵道園區
101101046,哈瑪星鐵道園區
101101045,哈瑪星鐵道園區
101101044,哈瑪星鐵道園區
101101043,哈瑪星鐵道園區
101101042,哈瑪星鐵道園區
101101041,哈瑪星鐵道園區
101101038,哈瑪星鐵道園區
101101037,哈瑪星鐵道園區
101101036,哈瑪星鐵道園區
101101034,哈瑪星鐵道園區
101101033,哈瑪星鐵道園區
101101032,哈瑪星鐵道園區
101101031,哈瑪星鐵道園區
101101029,哈瑪星鐵道園區
101101028,哈瑪星鐵道園區
101101027,哈瑪星鐵道園區
101101026,哈瑪星鐵道園區
101101025,哈瑪星鐵道園區
101101024,哈瑪星鐵道園區
101101023,哈瑪星鐵道園區
101101022,哈瑪星鐵道園區
101101021,哈瑪星鐵道園區
101101019,哈瑪星鐵道園區
101101018,哈瑪星鐵道園區
101101017,哈瑪星鐵道園區
101101016,哈瑪星鐵道園區
101101015,哈瑪星鐵道園區
101101014,哈瑪星鐵道園區
101101013,哈瑪星鐵道園區
101101012,哈瑪星鐵道園區
101101011,哈瑪星鐵道園區
101101009,哈瑪星鐵道園區
101101008,哈瑪星鐵道園區
101101007,哈瑪星鐵道園區
101101006,哈瑪星鐵道園區
101101005,哈瑪星鐵道園區
101101004,哈瑪星鐵道園區
101101003,哈瑪星鐵道園區
101101002,哈瑪星鐵道園區
101101001,哈瑪星鐵道園區
102416097,西子灣觀景平台
102416096,西子灣觀景平台
102416095,西子灣觀景平台
102416094,西子灣觀景平台
102416093,西子灣觀景平台
102416092,西子灣觀景平台
102416087,西子灣觀景平台
102416086,西子灣觀景平台
102416085,西子灣觀景平台
102416084,西子灣觀景平台
102416083,西子灣觀景平台
102416081,西子灣觀景平台
102416077,西子灣觀景平台
102416073,西子灣觀景平台
102416072,西子灣觀景平台
102416071,西子灣觀景平台
102416066,西子灣觀景平台
102416065,西子灣觀景平台
102416063,西子灣觀景平台
102416061,西子灣觀景平台
102416054,西子灣觀景平台
102416053,西子灣觀景平台
102411010,西子灣觀景平台
102411009,西子灣觀景平台
102239090,西子灣觀景平台
102239089,西子灣觀景平台
102239070,西子灣觀景平台
102239069,西子灣觀景平台
102200007,西子灣觀景平台
102200006,西子灣觀景平台
102200005,西子灣觀景平台
102200004,西子灣觀景平台
102200003,西子灣觀景平台
102200002,西子灣觀景平台
102200001,西子灣觀景平台
102411030,西子灣遊客中心
102411020,西子灣遊客中心
102200057,西子灣遊客中心
102200056,西子灣遊客中心
102200055,西子灣遊客中心
102200054,西子灣遊客中心
102200053,西子灣遊客中心
102200052,西子灣遊客中心
102200051,西子灣遊客中心
102200047,西子灣遊客中心
102200046,西子灣遊客中心
102200045,西子灣遊客中心
102200044,西子灣遊客中心
102200043,西子灣遊客中心
102200042,西子灣遊客中心
102200037,西子灣遊客中心
102200036,西子灣遊客中心
102200035,西子灣遊客中心
102200034,西子灣遊客中心
102200033,西子灣遊客中心
102200031,西子灣遊客中心
102200027,西子灣遊客中心
102200026,西子灣遊客中心
102200025,西子灣遊客中心
102200024,西子灣遊客中心
102200023,西子灣遊客中心
102200017,西子灣遊客中心
102200016,西子灣遊客中心
102200015,西子灣遊客中心
102200013,西子灣遊客中心
102200012,西子灣遊客中心
102200011,西子灣遊客中心
102411043,旗津渡輪站週邊
102411042,旗津渡輪站週邊
102411041,旗津渡輪站週邊
102411034,旗津渡輪站週邊
102411033,旗津渡輪站週邊
102411032,旗津渡輪站週邊
102411031,旗津渡輪站週邊
102411024,旗津渡輪站週邊
102411023,旗津渡輪站週邊
102411022,旗津渡輪站週邊
102411014,旗津渡輪站週邊
102411013,旗津渡輪站週邊
102411005,旗津渡輪站週邊
102411004,旗津渡輪站週邊
102411003,旗津渡輪站週邊
102239094,旗津渡輪站週邊
102239093,旗津渡輪站週邊
102239085,旗津渡輪站週邊
102239084,旗津渡輪站週邊
102239083,旗津渡輪站週邊
102239074,旗津渡輪站週邊
102239073,旗津渡輪站週邊
102448093,旗津海水浴場
102448092,旗津海水浴場
102448091,旗津海水浴場
102448084,旗津海水浴場
102448083,旗津海水浴場
102448082,旗津海水浴場
102448076,旗津海水浴場
102448075,旗津海水浴場
102448067,旗津海水浴場
102448066,旗津海水浴場
102448065,旗津海水浴場
102448063,旗津海水浴場
102448062,旗津海水浴場
102448058,旗津海水浴場
102448057,旗津海水浴場
102448055,旗津海水浴場
102448054,旗津海水浴場
102448053,旗津海水浴場
102448050,旗津海水浴場
102448049,旗津海水浴場
102448048,旗津海水浴場
102448047,旗津海水浴場
102448046,旗津海水浴場
102448045,旗津海水浴場
102448040,旗津海水浴場
102448038,旗津海水浴場
102448036,旗津海水浴場
102448035,旗津海水浴場
102448030,旗津海水浴場
102448028,旗津海水浴場
102448020,旗津海水浴場
102448010,旗津海水浴場
102314031,旗津海水浴場
102314023,旗津海水浴場
102314022,旗津海水浴場
102314021,旗津海水浴場
102314014,旗津海水浴場
102314013,旗津海水浴場
102314012,旗津海水浴場
102314011,旗津海水浴場
102314006,旗津海水浴場
102314005,旗津海水浴場
102314004,旗津海水浴場
102314003,旗津海水浴場
102314002,旗津海水浴場
102314001,旗津海水浴場
102313051,旗津海水浴場
102313047,旗津海水浴場
102313046,旗津海水浴場
102313043,旗津海水浴場
102313041,旗津海水浴場
102313035,旗津海水浴場
102313034,旗津海水浴場
102313033,旗津海水浴場
102313031,旗津海水浴場
102313028,旗津海水浴場
102313027,旗津海水浴場
102313023,旗津海水浴場
102313020,旗津海水浴場
102313019,旗津海水浴場
102313018,旗津海水浴場
102313017,旗津海水浴場
102313016,旗津海水浴場
102313010,旗津海水浴場
102313009,旗津海水浴場
102313008,旗津海水浴場
102311002,旗津海水浴場
102311001,旗津海水浴場
87222097,旗津海水浴場
87222096,旗津海水浴場
87222094,旗津海水浴場
87222093,旗津海水浴場
87222092,旗津海水浴場
87222091,旗津海水浴場
87222088,旗津海水浴場
87222087,旗津海水浴場
87222086,旗津海水浴場
87222085,旗津海水浴場
87222084,旗津海水浴場
87222083,旗津海水浴場
87222082,旗津海水浴場
87222078,旗津海水浴場
87222076,旗津海水浴場
87222075,旗津海水浴場
87222074,旗津海水浴場
87222073,旗津海水浴場
87222069,旗津海水浴場
87222068,旗津海水浴場
87222059,旗津海水浴場
87222058,旗津海水浴場
87222057,旗津海水浴場
87222047,旗津海水浴場
86428100,旗津海水浴場
86428099,旗津海水浴場
86428098,旗津海水浴場
86428090,旗津海水浴場
86428089,旗津海水浴場
86428088,旗津海水浴場
86428080,旗津海水浴場
102239075,旗津馬雅各自行車道
102239074,旗津馬雅各自行車道
102239063,旗津馬雅各自行車道
102239055,旗津馬雅各自行車道
102239053,旗津馬雅各自行車道
102239051,旗津馬雅各自行車道
102239043,旗津馬雅各自行車道
102239037,旗津馬雅各自行車道
102239035,旗津馬雅各自行車道
102239024,旗津馬雅各自行車道
102239022,旗津馬雅各自行車道
102239021,旗津馬雅各自行車道
102239002,旗津馬雅各自行車道
87222060,旗津馬雅各自行車道
87222049,旗津馬雅各自行車道
87222039,旗津馬雅各自行車道
87222038,旗津馬雅各自行車道
87222029,旗津馬雅各自行車道
87222017,旗津馬雅各自行車道
